,x
1,NS.1780.003.UDP0195_i7---UDP0195_i5.MC3
2,NS.1780.003.UDP0196_i7---UDP0196_i5.MC4
3,NS.1780.003.UDP0197_i7---UDP0197_i5.MC5
4,NS.1780.003.UDP0198_i7---UDP0198_i5.MC6
5,NS.1780.003.UDP0199_i7---UDP0199_i5.MC7
6,NS.1780.003.UDP0200_i7---UDP0200_i5.MC8
7,NS.1780.003.UDP0201_i7---UDP0201_i5.MC9
8,NS.1780.003.UDP0202_i7---UDP0202_i5.MC10
9,NS.1780.003.UDP0203_i7---UDP0203_i5.MC11
10,NS.1780.003.UDP0204_i7---UDP0204_i5.MC12
11,NS.1780.003.UDP0205_i7---UDP0205_i5.MC13
12,NS.1780.003.UDP0206_i7---UDP0206_i5.MC14
13,NS.1780.003.UDP0207_i7---UDP0207_i5.MC15
14,NS.1780.003.UDP0208_i7---UDP0208_i5.MC16
15,NS.1780.003.UDP0209_i7---UDP0209_i5.MC17
16,NS.1780.003.UDP0211_i7---UDP0211_i5.MC19
17,NS.1780.003.UDP0212_i7---UDP0212_i5.MC20
18,NS.1780.003.UDP0213_i7---UDP0213_i5.MC21
19,NS.1780.003.UDP0214_i7---UDP0214_i5.MC22
20,NS.1780.003.UDP0215_i7---UDP0215_i5.MC23
21,NS.1780.003.UDP0216_i7---UDP0216_i5.MC24
22,NS.1780.003.UDP0217_i7---UDP0217_i5.MC25
23,NS.1780.003.UDP0218_i7---UDP0218_i5.MC26
24,NS.1780.003.UDP0219_i7---UDP0219_i5.MC27
25,NS.1780.003.UDP0220_i7---UDP0220_i5.MC28
26,NS.1780.003.UDP0221_i7---UDP0221_i5.MC29
27,NS.1780.003.UDP0222_i7---UDP0222_i5.MC30
28,NS.1780.003.UDP0223_i7---UDP0223_i5.MC31
29,NS.1780.003.UDP0224_i7---UDP0224_i5.MC32
30,NS.1780.003.UDP0225_i7---UDP0225_i5.MC33
31,NS.1780.003.UDP0226_i7---UDP0226_i5.MC34
32,NS.1780.003.UDP0227_i7---UDP0227_i5.MC35
33,NS.1780.003.UDP0228_i7---UDP0228_i5.MC36
34,NS.1780.003.UDP0229_i7---UDP0229_i5.MC37
35,NS.1780.003.UDP0230_i7---UDP0230_i5.MC38
36,NS.1780.003.UDP0231_i7---UDP0231_i5.MC39
37,NS.1780.003.UDP0232_i7---UDP0232_i5.MC40
38,NS.1780.003.UDP0233_i7---UDP0233_i5.MC41
39,NS.1780.003.UDP0234_i7---UDP0234_i5.MC42
40,NS.1780.003.UDP0235_i7---UDP0235_i5.MC43
41,NS.1780.003.UDP0236_i7---UDP0236_i5.MC44
42,NS.1780.003.UDP0237_i7---UDP0237_i5.MC45
43,NS.1780.003.UDP0238_i7---UDP0238_i5.MC46
44,NS.1780.003.UDP0239_i7---UDP0239_i5.MC47
45,NS.1780.003.UDP0240_i7---UDP0240_i5.MC48
46,NS.1780.003.UDP0241_i7---UDP0241_i5.ME1
47,NS.1780.003.UDP0242_i7---UDP0242_i5.ME2
48,NS.1780.003.UDP0243_i7---UDP0243_i5.ME3
49,NS.1780.003.UDP0244_i7---UDP0244_i5.ME4
50,NS.1780.003.UDP0245_i7---UDP0245_i5.ME5
51,NS.1780.003.UDP0246_i7---UDP0246_i5.ME6
52,NS.1780.003.UDP0247_i7---UDP0247_i5.ME7
53,NS.1780.003.UDP0248_i7---UDP0248_i5.ME8
54,NS.1780.003.UDP0249_i7---UDP0249_i5.ME9
55,NS.1780.003.UDP0250_i7---UDP0250_i5.ME10
56,NS.1780.003.UDP0251_i7---UDP0251_i5.ME11
57,NS.1780.003.UDP0252_i7---UDP0252_i5.ME12
58,NS.1780.003.UDP0253_i7---UDP0253_i5.ME13
59,NS.1780.003.UDP0254_i7---UDP0254_i5.ME14
60,NS.1780.003.UDP0255_i7---UDP0255_i5.ME15
61,NS.1780.003.UDP0256_i7---UDP0256_i5.ME16
62,NS.1780.003.UDP0257_i7---UDP0257_i5.ME17
63,NS.1780.003.UDP0258_i7---UDP0258_i5.ME18
64,NS.1780.003.UDP0259_i7---UDP0259_i5.ME19
65,NS.1780.003.UDP0260_i7---UDP0260_i5.ME20
66,NS.1780.003.UDP0261_i7---UDP0261_i5.ME21
67,NS.1780.003.UDP0262_i7---UDP0262_i5.ME22
68,NS.1780.003.UDP0263_i7---UDP0263_i5.ME23
69,NS.1780.003.UDP0264_i7---UDP0264_i5.ME24
70,NS.1780.003.UDP0265_i7---UDP0265_i5.ME25
71,NS.1780.003.UDP0266_i7---UDP0266_i5.ME26
72,NS.1780.003.UDP0267_i7---UDP0267_i5.ME27
73,NS.1780.003.UDP0268_i7---UDP0268_i5.ME28
74,NS.1780.003.UDP0269_i7---UDP0269_i5.ME29
75,NS.1780.003.UDP0270_i7---UDP0270_i5.ME30
76,NS.1780.003.UDP0271_i7---UDP0271_i5.ME31
77,NS.1780.003.UDP0272_i7---UDP0272_i5.ME32
78,NS.1780.003.UDP0274_i7---UDP0274_i5.ME34
79,NS.1780.003.UDP0275_i7---UDP0275_i5.ME35
80,NS.1780.003.UDP0276_i7---UDP0276_i5.ME36
81,NS.1780.003.UDP0277_i7---UDP0277_i5.ME37
82,NS.1780.003.UDP0278_i7---UDP0278_i5.ME38
83,NS.1780.003.UDP0279_i7---UDP0279_i5.ME39
84,NS.1780.003.UDP0280_i7---UDP0280_i5.ME40
85,NS.1780.003.UDP0281_i7---UDP0281_i5.ME41
86,NS.1780.003.UDP0282_i7---UDP0282_i5.ME42
87,NS.1780.003.UDP0284_i7---UDP0284_i5.ME44
88,NS.1780.003.UDP0285_i7---UDP0285_i5.ME45
89,NS.1780.003.UDP0286_i7---UDP0286_i5.ME46
90,NS.1780.003.UDP0287_i7---UDP0287_i5.ME47
91,NS.1780.004.UDP0193_i7---UDP0193_i5.MB1
92,NS.1780.004.UDP0194_i7---UDP0194_i5.MB2
93,NS.1780.004.UDP0195_i7---UDP0195_i5.MB3
94,NS.1780.004.UDP0196_i7---UDP0196_i5.MB4
95,NS.1780.004.UDP0197_i7---UDP0197_i5.MB5
96,NS.1780.004.UDP0198_i7---UDP0198_i5.MB6
97,NS.1780.004.UDP0199_i7---UDP0199_i5.MB7
98,NS.1780.004.UDP0200_i7---UDP0200_i5.MB8
99,NS.1780.004.UDP0201_i7---UDP0201_i5.MB9
100,NS.1780.004.UDP0202_i7---UDP0202_i5.MB10
101,NS.1780.004.UDP0204_i7---UDP0204_i5.MB12
102,NS.1780.004.UDP0205_i7---UDP0205_i5.MB13
103,NS.1780.004.UDP0207_i7---UDP0207_i5.MB22
104,NS.1780.004.UDP0208_i7---UDP0208_i5.MB23
105,NS.1780.004.UDP0209_i7---UDP0209_i5.MB20
106,NS.1780.004.UDP0210_i7---UDP0210_i5.MB31
107,NS.1780.004.UDP0211_i7---UDP0211_i5.MB21
108,NS.1780.004.UDP0212_i7---UDP0212_i5.MB15
109,NS.1780.004.UDP0213_i7---UDP0213_i5.MB29
110,NS.1780.004.UDP0214_i7---UDP0214_i5.MB30
111,NS.1780.004.UDP0215_i7---UDP0215_i5.MB24
112,NS.1780.004.UDP0216_i7---UDP0216_i5.MB28
113,NS.1780.004.UDP0217_i7---UDP0217_i5.MB19
114,NS.1780.004.UDP0218_i7---UDP0218_i5.MB16
115,NS.1780.004.UDP0219_i7---UDP0219_i5.MB18
116,NS.1780.004.UDP0220_i7---UDP0220_i5.MB17
117,NS.1780.004.UDP0221_i7---UDP0221_i5.MB25
118,NS.1780.004.UDP0222_i7---UDP0222_i5.MB26
119,NS.1780.004.UDP0223_i7---UDP0223_i5.MB27
120,NS.1780.004.UDP0224_i7---UDP0224_i5.MB32
121,NS.1780.004.UDP0225_i7---UDP0225_i5.MB33
122,NS.1780.004.UDP0226_i7---UDP0226_i5.MB34
123,NS.1780.004.UDP0227_i7---UDP0227_i5.MB35
124,NS.1780.004.UDP0228_i7---UDP0228_i5.Q001
125,NS.1780.004.UDP0230_i7---UDP0230_i5.Q003
126,NS.1780.004.UDP0231_i7---UDP0231_i5.Q004
127,NS.1780.004.UDP0232_i7---UDP0232_i5.Q005
128,NS.1780.004.UDP0233_i7---UDP0233_i5.Q009
129,NS.1780.004.UDP0234_i7---UDP0234_i5.Q010
130,NS.1780.004.UDP0235_i7---UDP0235_i5.Q011
131,NS.1780.004.UDP0236_i7---UDP0236_i5.Q012
132,NS.1780.004.UDP0237_i7---UDP0237_i5.Q013
133,NS.1780.004.UDP0239_i7---UDP0239_i5.Q015
134,NS.1780.004.UDP0240_i7---UDP0240_i5.Q016
135,NS.1780.004.UDP0241_i7---UDP0241_i5.Q017
136,NS.1780.004.UDP0242_i7---UDP0242_i5.Q018
137,NS.1780.004.UDP0243_i7---UDP0243_i5.Q019
138,NS.1780.004.UDP0244_i7---UDP0244_i5.Q020
139,NS.1780.004.UDP0245_i7---UDP0245_i5.Q021
140,NS.1780.004.UDP0246_i7---UDP0246_i5.Q022
141,NS.1780.004.UDP0247_i7---UDP0247_i5.Q023
142,NS.1780.004.UDP0248_i7---UDP0248_i5.Q024
143,NS.1780.004.UDP0249_i7---UDP0249_i5.Q025
144,NS.1780.004.UDP0250_i7---UDP0250_i5.Q026
145,NS.1780.004.UDP0251_i7---UDP0251_i5.Q027
146,NS.1780.004.UDP0252_i7---UDP0252_i5.Q028
147,NS.1780.004.UDP0253_i7---UDP0253_i5.Q029
148,NS.1780.004.UDP0254_i7---UDP0254_i5.Q030
149,NS.1780.004.UDP0255_i7---UDP0255_i5.Q031
150,NS.1780.004.UDP0256_i7---UDP0256_i5.Q032
151,NS.1780.004.UDP0257_i7---UDP0257_i5.Q033
152,NS.1780.004.UDP0258_i7---UDP0258_i5.Q034
153,NS.1780.004.UDP0259_i7---UDP0259_i5.Q035
154,NS.1780.004.UDP0260_i7---UDP0260_i5.Q036
155,NS.1780.004.UDP0261_i7---UDP0261_i5.Q037
156,NS.1780.004.UDP0262_i7---UDP0262_i5.Q038
157,NS.1780.004.UDP0263_i7---UDP0263_i5.LC1
158,NS.1780.004.UDP0264_i7---UDP0264_i5.LC2
159,NS.1780.004.UDP0265_i7---UDP0265_i5.LC7
160,NS.1780.004.UDP0266_i7---UDP0266_i5.LC8
161,NS.1780.004.UDP0267_i7---UDP0267_i5.LC9
162,NS.1780.004.UDP0268_i7---UDP0268_i5.LC10
163,NS.1780.004.UDP0269_i7---UDP0269_i5.LC11
164,NS.1780.004.UDP0270_i7---UDP0270_i5.LC12
165,NS.1780.004.UDP0271_i7---UDP0271_i5.LC13
166,NS.1780.004.UDP0272_i7---UDP0272_i5.LC14
167,NS.1780.004.UDP0275_i7---UDP0275_i5.LC17
168,NS.1780.004.UDP0276_i7---UDP0276_i5.LC18
169,NS.1780.004.UDP0277_i7---UDP0277_i5.LC19
170,NS.1780.004.UDP0278_i7---UDP0278_i5.LC20
171,NS.1780.004.UDP0279_i7---UDP0279_i5.LC21
172,NS.1780.004.UDP0281_i7---UDP0281_i5.LC23
173,NS.1780.004.UDP0282_i7---UDP0282_i5.LC24
174,NS.1780.004.UDP0283_i7---UDP0283_i5.LC25
175,NS.1780.004.UDP0284_i7---UDP0284_i5.LC26
176,NS.1780.004.UDP0285_i7---UDP0285_i5.LC27
177,NS.1780.004.UDP0286_i7---UDP0286_i5.LC28
178,NS.1780.004.UDP0287_i7---UDP0287_i5.LC29
179,NS.1781.001.UDP0193_i7---UDP0193_i5.3B49
180,NS.1781.001.UDP0194_i7---UDP0194_i5.3B50
181,NS.1781.001.UDP0195_i7---UDP0195_i5.3B51
182,NS.1781.001.UDP0196_i7---UDP0196_i5.3B52
183,NS.1781.001.UDP0197_i7---UDP0197_i5.3B53
184,NS.1781.001.UDP0198_i7---UDP0198_i5.3B54
185,NS.1781.001.UDP0199_i7---UDP0199_i5.3B55
186,NS.1781.001.UDP0200_i7---UDP0200_i5.3B56
187,NS.1781.001.UDP0202_i7---UDP0202_i5.3B58
188,NS.1781.001.UDP0203_i7---UDP0203_i5.3B59
189,NS.1781.001.UDP0204_i7---UDP0204_i5.3B60
190,NS.1781.001.UDP0205_i7---UDP0205_i5.3B61
191,NS.1781.001.UDP0206_i7---UDP0206_i5.3B62
192,NS.1781.001.UDP0207_i7---UDP0207_i5.3B63
193,NS.1781.001.UDP0208_i7---UDP0208_i5.3B64
194,NS.1781.001.UDP0209_i7---UDP0209_i5.3B65
195,NS.1781.001.UDP0210_i7---UDP0210_i5.3B66
196,NS.1781.001.UDP0211_i7---UDP0211_i5.3B67
197,NS.1781.001.UDP0212_i7---UDP0212_i5.3B68
198,NS.1781.001.UDP0213_i7---UDP0213_i5.3B69
199,NS.1781.001.UDP0214_i7---UDP0214_i5.3B70
200,NS.1781.001.UDP0215_i7---UDP0215_i5.3B71
201,NS.1781.001.UDP0216_i7---UDP0216_i5.3B72
202,NS.1781.001.UDP0217_i7---UDP0217_i5.3B73
203,NS.1781.001.UDP0218_i7---UDP0218_i5.3B74
204,NS.1781.001.UDP0219_i7---UDP0219_i5.3B75
205,NS.1781.001.UDP0220_i7---UDP0220_i5.3B76
206,NS.1781.001.UDP0221_i7---UDP0221_i5.3B77
207,NS.1781.001.UDP0222_i7---UDP0222_i5.3B78
208,NS.1781.001.UDP0223_i7---UDP0223_i5.3B79
209,NS.1781.001.UDP0224_i7---UDP0224_i5.3B80
210,NS.1781.001.UDP0225_i7---UDP0225_i5.3B81
211,NS.1781.001.UDP0226_i7---UDP0226_i5.3B82
212,NS.1781.001.UDP0227_i7---UDP0227_i5.3B83
213,NS.1781.001.UDP0228_i7---UDP0228_i5.6B1
214,NS.1781.001.UDP0229_i7---UDP0229_i5.6B2
215,NS.1781.001.UDP0230_i7---UDP0230_i5.6B3
216,NS.1781.001.UDP0231_i7---UDP0231_i5.6B30
217,NS.1781.001.UDP0232_i7---UDP0232_i5.6B5
218,NS.1781.001.UDP0233_i7---UDP0233_i5.6B17
219,NS.1781.001.UDP0234_i7---UDP0234_i5.6B18
220,NS.1781.001.UDP0235_i7---UDP0235_i5.6B19
221,NS.1781.001.UDP0236_i7---UDP0236_i5.6B20
222,NS.1781.001.UDP0237_i7---UDP0237_i5.6B21
223,NS.1781.001.UDP0238_i7---UDP0238_i5.6B22
224,NS.1781.001.UDP0239_i7---UDP0239_i5.6B23
225,NS.1781.001.UDP0240_i7---UDP0240_i5.6B24
226,NS.1781.001.UDP0241_i7---UDP0241_i5.6B11
227,NS.1781.001.UDP0242_i7---UDP0242_i5.6B28
228,NS.1781.001.UDP0243_i7---UDP0243_i5.6B29
229,NS.1781.001.UDP0244_i7---UDP0244_i5.6B15
230,NS.1781.001.UDP0245_i7---UDP0245_i5.6B31
231,NS.1781.001.UDP0246_i7---UDP0246_i5.6B32
232,NS.1781.001.UDP0247_i7---UDP0247_i5.6B33
233,NS.1781.001.UDP0248_i7---UDP0248_i5.6B34
234,NS.1781.001.UDP0249_i7---UDP0249_i5.6B39
235,NS.1781.001.UDP0250_i7---UDP0250_i5.6B36
236,NS.1781.001.UDP0251_i7---UDP0251_i5.6B37
237,NS.1781.001.UDP0252_i7---UDP0252_i5.6B38
238,NS.1781.001.UDP0253_i7---UDP0253_i5.6B16
239,NS.1781.001.UDP0254_i7---UDP0254_i5.6B41
240,NS.1781.001.UDP0255_i7---UDP0255_i5.6B7
241,NS.1781.001.UDP0256_i7---UDP0256_i5.6B44
242,NS.1781.001.UDP0257_i7---UDP0257_i5.6B42
243,NS.1781.001.UDP0258_i7---UDP0258_i5.6B46
244,NS.1781.001.UDP0259_i7---UDP0259_i5.6B47
245,NS.1781.001.UDP0260_i7---UDP0260_i5.6B48
246,NS.1781.001.UDP0261_i7---UDP0261_i5.6B9
247,NS.1781.001.UDP0265_i7---UDP0265_i5.T17
248,NS.1781.001.UDP0266_i7---UDP0266_i5.T43
249,NS.1781.001.UDP0267_i7---UDP0267_i5.T11
250,NS.1781.001.UDP0268_i7---UDP0268_i5.T45
251,NS.1781.001.UDP0269_i7---UDP0269_i5.T2
252,NS.1781.001.UDP0270_i7---UDP0270_i5.T25
253,NS.1781.001.UDP0271_i7---UDP0271_i5.T40
254,NS.1781.001.UDP0272_i7---UDP0272_i5.T29
255,NS.1781.001.UDP0273_i7---UDP0273_i5.T6
256,NS.1781.001.UDP0274_i7---UDP0274_i5.T31
257,NS.1781.001.UDP0275_i7---UDP0275_i5.T7
258,NS.1781.001.UDP0276_i7---UDP0276_i5.T36
259,NS.1781.001.UDP0279_i7---UDP0279_i5.T12
260,NS.1781.001.UDP0281_i7---UDP0281_i5.T23
261,NS.1781.001.UDP0282_i7---UDP0282_i5.T27
262,NS.1781.001.UDP0283_i7---UDP0283_i5.T18
263,NS.1781.001.UDP0284_i7---UDP0284_i5.T41
264,NS.1781.001.UDP0285_i7---UDP0285_i5.T21
265,NS.1781.001.UDP0286_i7---UDP0286_i5.T15
266,NS.1781.001.UDP0287_i7---UDP0287_i5.T30
267,NS.1781.001.UDP0288_i7---UDP0288_i5.T13
268,NS.1781.002.UDP0193_i7---UDP0193_i5.10B1
269,NS.1781.002.UDP0194_i7---UDP0194_i5.10B2
270,NS.1781.002.UDP0195_i7---UDP0195_i5.10B3
271,NS.1781.002.UDP0196_i7---UDP0196_i5.10B4
272,NS.1781.002.UDP0198_i7---UDP0198_i5.10B6
273,NS.1781.002.UDP0199_i7---UDP0199_i5.10B7
274,NS.1781.002.UDP0200_i7---UDP0200_i5.BdC17
275,NS.1781.002.UDP0201_i7---UDP0201_i5.10B10
276,NS.1781.002.UDP0202_i7---UDP0202_i5.10B11
277,NS.1781.002.UDP0203_i7---UDP0203_i5.10B12
278,NS.1781.002.UDP0204_i7---UDP0204_i5.10B13
279,NS.1781.002.UDP0205_i7---UDP0205_i5.10B14
280,NS.1781.002.UDP0206_i7---UDP0206_i5.10B15
281,NS.1781.002.UDP0207_i7---UDP0207_i5.10B41
282,NS.1781.002.UDP0208_i7---UDP0208_i5.BdC18
283,NS.1781.002.UDP0209_i7---UDP0209_i5.10B17
284,NS.1781.002.UDP0210_i7---UDP0210_i5.10B18
285,NS.1781.002.UDP0211_i7---UDP0211_i5.10B19
286,NS.1781.002.UDP0212_i7---UDP0212_i5.10B20
287,NS.1781.002.UDP0213_i7---UDP0213_i5.10B21
288,NS.1781.002.UDP0214_i7---UDP0214_i5.10B22
289,NS.1781.002.UDP0215_i7---UDP0215_i5.10B42
290,NS.1781.002.UDP0216_i7---UDP0216_i5.BdC19
291,NS.1781.002.UDP0217_i7---UDP0217_i5.10B25
292,NS.1781.002.UDP0218_i7---UDP0218_i5.10B26
293,NS.1781.002.UDP0219_i7---UDP0219_i5.10B27
294,NS.1781.002.UDP0220_i7---UDP0220_i5.10B28
295,NS.1781.002.UDP0221_i7---UDP0221_i5.10B29
296,NS.1781.002.UDP0222_i7---UDP0222_i5.10B30
297,NS.1781.002.UDP0223_i7---UDP0223_i5.10B31
298,NS.1781.002.UDP0224_i7---UDP0224_i5.BdC20
299,NS.1781.002.UDP0225_i7---UDP0225_i5.10B33
300,NS.1781.002.UDP0226_i7---UDP0226_i5.10B34
301,NS.1781.002.UDP0227_i7---UDP0227_i5.10B35
302,NS.1781.002.UDP0228_i7---UDP0228_i5.10B36
303,NS.1781.002.UDP0229_i7---UDP0229_i5.10B37
304,NS.1781.002.UDP0230_i7---UDP0230_i5.10B38
305,NS.1781.002.UDP0231_i7---UDP0231_i5.10B39
306,NS.1781.002.UDP0232_i7---UDP0232_i5.BdC21
307,NS.1781.002.UDP0233_i7---UDP0233_i5.4_1
308,NS.1781.002.UDP0234_i7---UDP0234_i5.4_2
309,NS.1781.002.UDP0235_i7---UDP0235_i5.4_3
310,NS.1781.002.UDP0236_i7---UDP0236_i5.4_4
311,NS.1781.002.UDP0237_i7---UDP0237_i5.4_5
312,NS.1781.002.UDP0238_i7---UDP0238_i5.4_6
313,NS.1781.002.UDP0239_i7---UDP0239_i5.4_7
314,NS.1781.002.UDP0240_i7---UDP0240_i5.BdC22
315,NS.1781.002.UDP0241_i7---UDP0241_i5.4_9
316,NS.1781.002.UDP0242_i7---UDP0242_i5.4_10
317,NS.1781.002.UDP0243_i7---UDP0243_i5.4_11
318,NS.1781.002.UDP0244_i7---UDP0244_i5.4_12
319,NS.1781.002.UDP0245_i7---UDP0245_i5.4_13
320,NS.1781.002.UDP0246_i7---UDP0246_i5.4_14
321,NS.1781.002.UDP0247_i7---UDP0247_i5.4_15
322,NS.1781.002.UDP0248_i7---UDP0248_i5.BdC23
323,NS.1781.002.UDP0249_i7---UDP0249_i5.4_17
324,NS.1781.002.UDP0250_i7---UDP0250_i5.4_18
325,NS.1781.002.UDP0251_i7---UDP0251_i5.4_19
326,NS.1781.002.UDP0252_i7---UDP0252_i5.4_20
327,NS.1781.002.UDP0253_i7---UDP0253_i5.4_21
328,NS.1781.002.UDP0254_i7---UDP0254_i5.4_22
329,NS.1781.002.UDP0255_i7---UDP0255_i5.4_23
330,NS.1781.002.UDP0256_i7---UDP0256_i5.BdC24
331,NS.1781.002.UDP0257_i7---UDP0257_i5.4_25
332,NS.1781.002.UDP0258_i7---UDP0258_i5.4_26
333,NS.1781.002.UDP0259_i7---UDP0259_i5.4_27
334,NS.1781.002.UDP0260_i7---UDP0260_i5.4_28
335,NS.1781.002.UDP0261_i7---UDP0261_i5.4_29
336,NS.1781.002.UDP0262_i7---UDP0262_i5.4_30
337,NS.1781.002.UDP0263_i7---UDP0263_i5.4_31
338,NS.1781.002.UDP0264_i7---UDP0264_i5.BdC25
339,NS.1781.002.UDP0265_i7---UDP0265_i5.4_33
340,NS.1781.002.UDP0267_i7---UDP0267_i5.4_35
341,NS.1781.002.UDP0268_i7---UDP0268_i5.4_36
342,NS.1781.002.UDP0269_i7---UDP0269_i5.4_37
343,NS.1781.002.UDP0270_i7---UDP0270_i5.4_38
344,NS.1781.002.UDP0271_i7---UDP0271_i5.4_39
345,NS.1781.002.UDP0272_i7---UDP0272_i5.BdC26
346,NS.1781.002.UDP0274_i7---UDP0274_i5.BdC2
347,NS.1781.002.UDP0275_i7---UDP0275_i5.BdC3
348,NS.1781.002.UDP0277_i7---UDP0277_i5.BdC5
349,NS.1781.002.UDP0278_i7---UDP0278_i5.BdC6
350,NS.1781.002.UDP0279_i7---UDP0279_i5.BdC7
351,NS.1781.002.UDP0281_i7---UDP0281_i5.BdC9
352,NS.1781.002.UDP0282_i7---UDP0282_i5.BdC10
353,NS.1781.002.UDP0283_i7---UDP0283_i5.BdC11
354,NS.1781.002.UDP0284_i7---UDP0284_i5.BdC12
355,NS.1781.002.UDP0286_i7---UDP0286_i5.BdC14
356,NS.1781.002.UDP0287_i7---UDP0287_i5.BdC15
357,NS.1781.003.UDP0193_i7---UDP0193_i5.5A1
358,NS.1781.003.UDP0194_i7---UDP0194_i5.5A2
359,NS.1781.003.UDP0195_i7---UDP0195_i5.5A3
360,NS.1781.003.UDP0196_i7---UDP0196_i5.5A4
361,NS.1781.003.UDP0197_i7---UDP0197_i5.5A5
362,NS.1781.003.UDP0198_i7---UDP0198_i5.5A6
363,NS.1781.003.UDP0199_i7---UDP0199_i5.5A7
364,NS.1781.003.UDP0200_i7---UDP0200_i5.5A8
365,NS.1781.003.UDP0201_i7---UDP0201_i5.5A9
366,NS.1781.003.UDP0202_i7---UDP0202_i5.5A10
367,NS.1781.003.UDP0203_i7---UDP0203_i5.5A11
368,NS.1781.003.UDP0204_i7---UDP0204_i5.5A12
369,NS.1781.003.UDP0205_i7---UDP0205_i5.5A13
370,NS.1781.003.UDP0206_i7---UDP0206_i5.5A14
371,NS.1781.003.UDP0207_i7---UDP0207_i5.5A15
372,NS.1781.003.UDP0208_i7---UDP0208_i5.5A16
373,NS.1781.003.UDP0209_i7---UDP0209_i5.5A48
374,NS.1781.003.UDP0210_i7---UDP0210_i5.5A18
375,NS.1781.003.UDP0211_i7---UDP0211_i5.5A19
376,NS.1781.003.UDP0212_i7---UDP0212_i5.5A20
377,NS.1781.003.UDP0213_i7---UDP0213_i5.5A21
378,NS.1781.003.UDP0215_i7---UDP0215_i5.5A23
379,NS.1781.003.UDP0216_i7---UDP0216_i5.5A24
380,NS.1781.003.UDP0217_i7---UDP0217_i5.5A25
381,NS.1781.003.UDP0219_i7---UDP0219_i5.5A27
382,NS.1781.003.UDP0220_i7---UDP0220_i5.5A28
383,NS.1781.003.UDP0221_i7---UDP0221_i5.5A29
384,NS.1781.003.UDP0222_i7---UDP0222_i5.5A30
385,NS.1781.003.UDP0223_i7---UDP0223_i5.5A31
386,NS.1781.003.UDP0224_i7---UDP0224_i5.5A32
387,NS.1781.003.UDP0225_i7---UDP0225_i5.5A34
388,NS.1781.003.UDP0226_i7---UDP0226_i5.5A35
389,NS.1781.003.UDP0227_i7---UDP0227_i5.5A36
390,NS.1781.003.UDP0228_i7---UDP0228_i5.8A41
391,NS.1781.003.UDP0229_i7---UDP0229_i5.8A42
392,NS.1781.003.UDP0230_i7---UDP0230_i5.8A43
393,NS.1781.003.UDP0231_i7---UDP0231_i5.8A44
394,NS.1781.003.UDP0233_i7---UDP0233_i5.8A1
395,NS.1781.003.UDP0234_i7---UDP0234_i5.8A2
396,NS.1781.003.UDP0235_i7---UDP0235_i5.8A3
397,NS.1781.003.UDP0236_i7---UDP0236_i5.8A4
398,NS.1781.003.UDP0238_i7---UDP0238_i5.8A6
399,NS.1781.003.UDP0239_i7---UDP0239_i5.8A7
400,NS.1781.003.UDP0240_i7---UDP0240_i5.8A8
401,NS.1781.003.UDP0241_i7---UDP0241_i5.8A9
402,NS.1781.003.UDP0242_i7---UDP0242_i5.8A10
403,NS.1781.003.UDP0243_i7---UDP0243_i5.8A11
404,NS.1781.003.UDP0244_i7---UDP0244_i5.8A12
405,NS.1781.003.UDP0245_i7---UDP0245_i5.8A13
406,NS.1781.003.UDP0246_i7---UDP0246_i5.8A14
407,NS.1781.003.UDP0247_i7---UDP0247_i5.8A15
408,NS.1781.003.UDP0248_i7---UDP0248_i5.8A16
409,NS.1781.003.UDP0249_i7---UDP0249_i5.8A17
410,NS.1781.003.UDP0250_i7---UDP0250_i5.8A18
411,NS.1781.003.UDP0251_i7---UDP0251_i5.8A19
412,NS.1781.003.UDP0252_i7---UDP0252_i5.8A20
413,NS.1781.003.UDP0253_i7---UDP0253_i5.8A21
414,NS.1781.003.UDP0254_i7---UDP0254_i5.8A22
415,NS.1781.003.UDP0255_i7---UDP0255_i5.8A23
416,NS.1781.003.UDP0256_i7---UDP0256_i5.8A24
417,NS.1781.003.UDP0258_i7---UDP0258_i5.8A27
418,NS.1781.003.UDP0259_i7---UDP0259_i5.8A28
419,NS.1781.003.UDP0260_i7---UDP0260_i5.8A29
420,NS.1781.003.UDP0261_i7---UDP0261_i5.8A30
421,NS.1781.003.UDP0262_i7---UDP0262_i5.8A31
422,NS.1781.003.UDP0263_i7---UDP0263_i5.LC3
423,NS.1781.003.UDP0264_i7---UDP0264_i5.LC4
424,NS.1781.003.UDP0265_i7---UDP0265_i5.LC31
425,NS.1781.003.UDP0266_i7---UDP0266_i5.LC32
426,NS.1781.003.UDP0267_i7---UDP0267_i5.LC33
427,NS.1781.003.UDP0268_i7---UDP0268_i5.LC34
428,NS.1781.003.UDP0269_i7---UDP0269_i5.LC35
429,NS.1781.003.UDP0270_i7---UDP0270_i5.LC36
430,NS.1781.003.UDP0271_i7---UDP0271_i5.LC37
431,NS.1781.003.UDP0274_i7---UDP0274_i5.BdC28
432,NS.1781.003.UDP0275_i7---UDP0275_i5.BdC29
433,NS.1781.003.UDP0276_i7---UDP0276_i5.BdC30
434,NS.1781.003.UDP0277_i7---UDP0277_i5.BdC16
435,NS.1781.003.UDP0278_i7---UDP0278_i5.3N_1
436,NS.1781.003.UDP0279_i7---UDP0279_i5.3N_2
437,NS.1781.003.UDP0280_i7---UDP0280_i5.3N_3
438,NS.1781.003.UDP0281_i7---UDP0281_i5.3N_9
439,NS.1781.003.UDP0282_i7---UDP0282_i5.3N_10
440,NS.1781.003.UDP0283_i7---UDP0283_i5.3N_11
441,NS.1781.003.UDP0284_i7---UDP0284_i5.3N_12
442,NS.1781.003.UDP0285_i7---UDP0285_i5.3N_13
443,NS.1781.003.UDP0286_i7---UDP0286_i5.3N_14
444,NS.1781.003.UDP0287_i7---UDP0287_i5.3N_15
445,NS.1781.004.UDP0097_i7---UDP0097_i5.CPS_1
446,NS.1781.004.UDP0098_i7---UDP0098_i5.CPS_2
447,NS.1781.004.UDP0099_i7---UDP0099_i5.CPS_3
448,NS.1781.004.UDP0100_i7---UDP0100_i5.CPS_4
449,NS.1781.004.UDP0101_i7---UDP0101_i5.CPS_5
450,NS.1781.004.UDP0102_i7---UDP0102_i5.CPS_6
451,NS.1781.004.UDP0103_i7---UDP0103_i5.CPS_7
452,NS.1781.004.UDP0104_i7---UDP0104_i5.CPS_8
453,NS.1781.004.UDP0105_i7---UDP0105_i5.CPS_9
454,NS.1781.004.UDP0106_i7---UDP0106_i5.CPS_10
455,NS.1781.004.UDP0107_i7---UDP0107_i5.CPS_11
456,NS.1781.004.UDP0108_i7---UDP0108_i5.CPS_12
457,NS.1781.004.UDP0109_i7---UDP0109_i5.CPS_13
458,NS.1781.004.UDP0110_i7---UDP0110_i5.CPS_14
459,NS.1781.004.UDP0111_i7---UDP0111_i5.CPS_15
460,NS.1781.004.UDP0112_i7---UDP0112_i5.CPS_16
461,NS.1781.004.UDP0113_i7---UDP0113_i5.CPS_17
462,NS.1781.004.UDP0114_i7---UDP0114_i5.CPS_18
463,NS.1781.004.UDP0115_i7---UDP0115_i5.CPS_19
464,NS.1781.004.UDP0116_i7---UDP0116_i5.CPS_20
465,NS.1781.004.UDP0117_i7---UDP0117_i5.CPS_21
466,NS.1781.004.UDP0118_i7---UDP0118_i5.CPS_22
467,NS.1781.004.UDP0119_i7---UDP0119_i5.CPS_23
468,NS.1781.004.UDP0120_i7---UDP0120_i5.CPS_24
469,NS.1781.004.UDP0123_i7---UDP0123_i5.CPS_27
470,NS.1781.004.UDP0124_i7---UDP0124_i5.CPS_28
471,NS.1781.004.UDP0125_i7---UDP0125_i5.CPS_29
472,NS.1781.004.UDP0126_i7---UDP0126_i5.CPS_30
473,NS.1781.004.UDP0127_i7---UDP0127_i5.CPS_31
474,NS.1781.004.UDP0128_i7---UDP0128_i5.CPS_32
475,NS.1781.004.UDP0129_i7---UDP0129_i5.CPS_33
476,NS.1781.004.UDP0130_i7---UDP0130_i5.CPS_34
477,NS.1781.004.UDP0131_i7---UDP0131_i5.CPS_35
478,NS.1781.004.UDP0132_i7---UDP0132_i5.3D_1
479,NS.1781.004.UDP0133_i7---UDP0133_i5.3D_2
480,NS.1781.004.UDP0134_i7---UDP0134_i5.3D_3
481,NS.1781.004.UDP0135_i7---UDP0135_i5.3D_4
482,NS.1781.004.UDP0136_i7---UDP0136_i5.3D_5
483,NS.1781.004.UDP0137_i7---UDP0137_i5.3D_6
484,NS.1781.004.UDP0138_i7---UDP0138_i5.3D_7
485,NS.1781.004.UDP0139_i7---UDP0139_i5.3D_8
486,NS.1781.004.UDP0140_i7---UDP0140_i5.3D_9
487,NS.1781.004.UDP0141_i7---UDP0141_i5.3D_10
488,NS.1781.004.UDP0142_i7---UDP0142_i5.3D_11
489,NS.1781.004.UDP0143_i7---UDP0143_i5.3D_12
490,NS.1781.004.UDP0144_i7---UDP0144_i5.3D_13
491,NS.1781.004.UDP0145_i7---UDP0145_i5.3D_14
492,NS.1781.004.UDP0146_i7---UDP0146_i5.3D_15
493,NS.1781.004.UDP0147_i7---UDP0147_i5.3D_16
494,NS.1781.004.UDP0148_i7---UDP0148_i5.3D_17
495,NS.1781.004.UDP0149_i7---UDP0149_i5.3D_18
496,NS.1781.004.UDP0150_i7---UDP0150_i5.3D_19
497,NS.1781.004.UDP0151_i7---UDP0151_i5.3D_20
498,NS.1781.004.UDP0152_i7---UDP0152_i5.3D_21
499,NS.1781.004.UDP0153_i7---UDP0153_i5.3D_22
500,NS.1781.004.UDP0154_i7---UDP0154_i5.3D_23
501,NS.1781.004.UDP0155_i7---UDP0155_i5.3D_24
502,NS.1781.004.UDP0156_i7---UDP0156_i5.3D_25
503,NS.1781.004.UDP0157_i7---UDP0157_i5.3D_26
504,NS.1781.004.UDP0158_i7---UDP0158_i5.3D_27
505,NS.1781.004.UDP0159_i7---UDP0159_i5.3D_28
506,NS.1781.004.UDP0160_i7---UDP0160_i5.3D_29
507,NS.1781.004.UDP0161_i7---UDP0161_i5.3D_30
508,NS.1781.004.UDP0162_i7---UDP0162_i5.3D_31
509,NS.1781.004.UDP0163_i7---UDP0163_i5.3D_32
510,NS.1781.004.UDP0164_i7---UDP0164_i5.3D_33
511,NS.1781.004.UDP0165_i7---UDP0165_i5.3D_34
512,NS.1781.004.UDP0166_i7---UDP0166_i5.3D_35
513,NS.1781.004.UDP0167_i7---UDP0167_i5.10A_1
514,NS.1781.004.UDP0168_i7---UDP0168_i5.10A_2
515,NS.1781.004.UDP0169_i7---UDP0169_i5.10A_3
516,NS.1781.004.UDP0170_i7---UDP0170_i5.10A_4
517,NS.1781.004.UDP0171_i7---UDP0171_i5.10A_5
518,NS.1781.004.UDP0172_i7---UDP0172_i5.10A_6
519,NS.1781.004.UDP0173_i7---UDP0173_i5.10A_7
520,NS.1781.004.UDP0174_i7---UDP0174_i5.10A_8
521,NS.1781.004.UDP0175_i7---UDP0175_i5.10A_9
522,NS.1781.004.UDP0176_i7---UDP0176_i5.10A_10
523,NS.1781.004.UDP0177_i7---UDP0177_i5.10A_11
524,NS.1781.004.UDP0178_i7---UDP0178_i5.10A_12
525,NS.1781.004.UDP0179_i7---UDP0179_i5.10A_13
526,NS.1781.004.UDP0180_i7---UDP0180_i5.10A_14
527,NS.1781.004.UDP0181_i7---UDP0181_i5.10A_15
528,NS.1781.004.UDP0182_i7---UDP0182_i5.10A_16
529,NS.1781.004.UDP0183_i7---UDP0183_i5.10A_17
530,NS.1781.004.UDP0184_i7---UDP0184_i5.10A_18
531,NS.1781.004.UDP0185_i7---UDP0185_i5.10A_19
532,NS.1781.004.UDP0186_i7---UDP0186_i5.10A_20
533,NS.1781.004.UDP0187_i7---UDP0187_i5.10A_21
534,NS.1781.004.UDP0189_i7---UDP0189_i5.10A_23
535,NS.1781.004.UDP0190_i7---UDP0190_i5.10A_24
536,NS.1781.004.UDP0191_i7---UDP0191_i5.10A_25
537,NS.1789.002.UDP0097_i7---UDP0097_i5.10A_26
538,NS.1789.002.UDP0098_i7---UDP0098_i5.10A_27
539,NS.1789.002.UDP0099_i7---UDP0099_i5.10A_28
540,NS.1789.002.UDP0100_i7---UDP0100_i5.10A_29
541,NS.1789.002.UDP0101_i7---UDP0101_i5.10A_30
542,NS.1789.002.UDP0102_i7---UDP0102_i5.10A_31
543,NS.1789.002.UDP0103_i7---UDP0103_i5.10A_32
544,NS.1789.002.UDP0104_i7---UDP0104_i5.10A_33
545,NS.1789.002.UDP0105_i7---UDP0105_i5.10A_34
546,NS.1789.002.UDP0106_i7---UDP0106_i5.10A_35
547,NS.1789.002.UDP0107_i7---UDP0107_i5.SMB_1
548,NS.1789.002.UDP0108_i7---UDP0108_i5.SMB_2
549,NS.1789.002.UDP0109_i7---UDP0109_i5.SMB_3
550,NS.1789.002.UDP0110_i7---UDP0110_i5.SMB_4
551,NS.1789.002.UDP0111_i7---UDP0111_i5.SMB_5
552,NS.1789.002.UDP0112_i7---UDP0112_i5.SMB_6
553,NS.1789.002.UDP0113_i7---UDP0113_i5.SMB_7
554,NS.1789.002.UDP0114_i7---UDP0114_i5.SMB_8
555,NS.1789.002.UDP0115_i7---UDP0115_i5.SMB_9
556,NS.1789.002.UDP0117_i7---UDP0117_i5.SMB_11
557,NS.1789.002.UDP0118_i7---UDP0118_i5.SMB_12
558,NS.1789.002.UDP0119_i7---UDP0119_i5.SMB_13
559,NS.1789.002.UDP0120_i7---UDP0120_i5.SMB_14
560,NS.1789.002.UDP0125_i7---UDP0125_i5.SMB_19
561,NS.1789.002.UDP0126_i7---UDP0126_i5.SMB_20
562,NS.1789.002.UDP0127_i7---UDP0127_i5.SMB_21
563,NS.1789.002.UDP0128_i7---UDP0128_i5.SMB_22
564,NS.1789.002.UDP0129_i7---UDP0129_i5.SMB_23
565,NS.1789.002.UDP0130_i7---UDP0130_i5.SMB_24
566,NS.1789.002.UDP0132_i7---UDP0132_i5.SMB_26
567,NS.1789.002.UDP0134_i7---UDP0134_i5.SMB_28
568,NS.1789.002.UDP0135_i7---UDP0135_i5.SMB_29
569,NS.1789.002.UDP0136_i7---UDP0136_i5.SMB_30
570,NS.1789.002.UDP0137_i7---UDP0137_i5.SMB_31
571,NS.1789.002.UDP0138_i7---UDP0138_i5.SMB_32
572,NS.1789.002.UDP0140_i7---UDP0140_i5.SMB_34
573,NS.1789.002.UDP0141_i7---UDP0141_i5.SMB_35
574,NS.1789.002.UDP0142_i7---UDP0142_i5.FB_1
575,NS.1789.002.UDP0143_i7---UDP0143_i5.FB_2
576,NS.1789.002.UDP0144_i7---UDP0144_i5.FB_3
577,NS.1789.002.UDP0145_i7---UDP0145_i5.FB_4
578,NS.1789.002.UDP0146_i7---UDP0146_i5.FB_5
579,NS.1789.002.UDP0147_i7---UDP0147_i5.FB_6
580,NS.1789.002.UDP0148_i7---UDP0148_i5.FB_7
581,NS.1789.002.UDP0149_i7---UDP0149_i5.FB_8
582,NS.1789.002.UDP0150_i7---UDP0150_i5.FB_9
583,NS.1789.002.UDP0151_i7---UDP0151_i5.FB_10
584,NS.1789.002.UDP0152_i7---UDP0152_i5.FB_11
585,NS.1789.002.UDP0153_i7---UDP0153_i5.FB_12
586,NS.1789.002.UDP0154_i7---UDP0154_i5.FB_13
587,NS.1789.002.UDP0155_i7---UDP0155_i5.FB_14
588,NS.1789.002.UDP0156_i7---UDP0156_i5.FB_15
589,NS.1789.002.UDP0157_i7---UDP0157_i5.FB_16
590,NS.1789.002.UDP0158_i7---UDP0158_i5.FB_17
591,NS.1789.002.UDP0159_i7---UDP0159_i5.FB_18
592,NS.1789.002.UDP0160_i7---UDP0160_i5.FB_19
593,NS.1789.002.UDP0161_i7---UDP0161_i5.FB_20
594,NS.1789.002.UDP0162_i7---UDP0162_i5.FB_21
595,NS.1789.002.UDP0163_i7---UDP0163_i5.FB_22
596,NS.1789.002.UDP0164_i7---UDP0164_i5.FB_23
597,NS.1789.002.UDP0165_i7---UDP0165_i5.FB_24
598,NS.1789.002.UDP0166_i7---UDP0166_i5.FB_25
599,NS.1789.002.UDP0167_i7---UDP0167_i5.FB_26
600,NS.1789.002.UDP0168_i7---UDP0168_i5.FB_27
601,NS.1789.002.UDP0169_i7---UDP0169_i5.FB_28
602,NS.1789.002.UDP0170_i7---UDP0170_i5.FB_29
603,NS.1789.002.UDP0171_i7---UDP0171_i5.FB_30
604,NS.1789.002.UDP0172_i7---UDP0172_i5.FB_31
605,NS.1789.002.UDP0173_i7---UDP0173_i5.FB_32
606,NS.1789.002.UDP0174_i7---UDP0174_i5.FB_33
607,NS.1789.002.UDP0175_i7---UDP0175_i5.FB_34
608,NS.1789.002.UDP0176_i7---UDP0176_i5.FB_35
609,NS.1789.002.UDP0177_i7---UDP0177_i5.TB_1
610,NS.1789.002.UDP0178_i7---UDP0178_i5.TB_2
611,NS.1789.002.UDP0180_i7---UDP0180_i5.TB_4
612,NS.1789.002.UDP0181_i7---UDP0181_i5.TB_5
613,NS.1789.002.UDP0182_i7---UDP0182_i5.TB_6
614,NS.1789.002.UDP0183_i7---UDP0183_i5.TB_7
615,NS.1789.002.UDP0184_i7---UDP0184_i5.TB_8
616,NS.1789.002.UDP0185_i7---UDP0185_i5.TB_9
617,NS.1789.002.UDP0186_i7---UDP0186_i5.TB_10
618,NS.1789.002.UDP0187_i7---UDP0187_i5.TB_11
619,NS.1789.002.UDP0188_i7---UDP0188_i5.TB_12
620,NS.1789.002.UDP0189_i7---UDP0189_i5.TB_13
621,NS.1789.002.UDP0191_i7---UDP0191_i5.TB_15
622,NS.1792.004.UDP0002_i7---UDP0002_i5.WCB_F_57
623,NS.1792.004.UDP0003_i7---UDP0003_i5.WCB_F_58
624,NS.1792.004.UDP0004_i7---UDP0004_i5.WCB_F_59
625,NS.1792.004.UDP0005_i7---UDP0005_i5.WCB_F_60
626,NS.1792.004.UDP0006_i7---UDP0006_i5.WCB_F_61
627,NS.1792.004.UDP0007_i7---UDP0007_i5.WCB_F_62
628,NS.1792.004.UDP0008_i7---UDP0008_i5.WCB_F_63
629,NS.1792.004.UDP0087_i7---UDP0087_i5.WCB_F_56
630,NS.1792.004.UDP0193_i7---UDP0193_i5.BB_1
631,NS.1792.004.UDP0194_i7---UDP0194_i5.BB_2
632,NS.1792.004.UDP0195_i7---UDP0195_i5.BB_3
633,NS.1792.004.UDP0196_i7---UDP0196_i5.BB_4
634,NS.1792.004.UDP0197_i7---UDP0197_i5.BB_5
635,NS.1792.004.UDP0198_i7---UDP0198_i5.BB_6
636,NS.1792.004.UDP0199_i7---UDP0199_i5.BB_7
637,NS.1792.004.UDP0200_i7---UDP0200_i5.BB_8
638,NS.1792.004.UDP0201_i7---UDP0201_i5.BB_9
639,NS.1792.004.UDP0202_i7---UDP0202_i5.BB_10
640,NS.1792.004.UDP0203_i7---UDP0203_i5.BB_11
641,NS.1792.004.UDP0204_i7---UDP0204_i5.BB_12
642,NS.1792.004.UDP0205_i7---UDP0205_i5.BB_13
643,NS.1792.004.UDP0206_i7---UDP0206_i5.BB_14
644,NS.1792.004.UDP0207_i7---UDP0207_i5.BB_15
645,NS.1792.004.UDP0208_i7---UDP0208_i5.BB_16
646,NS.1792.004.UDP0209_i7---UDP0209_i5.BB_17
647,NS.1792.004.UDP0210_i7---UDP0210_i5.BB_18
648,NS.1792.004.UDP0212_i7---UDP0212_i5.BB_20
649,NS.1792.004.UDP0213_i7---UDP0213_i5.BB_21
650,NS.1792.004.UDP0214_i7---UDP0214_i5.BB_22
651,NS.1792.004.UDP0215_i7---UDP0215_i5.BB_23
652,NS.1792.004.UDP0216_i7---UDP0216_i5.BB_24
653,NS.1792.004.UDP0217_i7---UDP0217_i5.BB_25
654,NS.1792.004.UDP0218_i7---UDP0218_i5.BB_26
655,NS.1792.004.UDP0219_i7---UDP0219_i5.BB_27
656,NS.1792.004.UDP0220_i7---UDP0220_i5.BB_28
657,NS.1792.004.UDP0221_i7---UDP0221_i5.BB_29
658,NS.1792.004.UDP0222_i7---UDP0222_i5.BB_30
659,NS.1792.004.UDP0223_i7---UDP0223_i5.BB_31
660,NS.1792.004.UDP0224_i7---UDP0224_i5.BB_32
661,NS.1792.004.UDP0225_i7---UDP0225_i5.BB_33
662,NS.1792.004.UDP0226_i7---UDP0226_i5.BB_34
663,NS.1792.004.UDP0227_i7---UDP0227_i5.BB_35
664,NS.1792.004.UDP0228_i7---UDP0228_i5.BB_36
665,NS.1792.004.UDP0229_i7---UDP0229_i5.BB_37
666,NS.1792.004.UDP0230_i7---UDP0230_i5.BB_38
667,NS.1792.004.UDP0231_i7---UDP0231_i5.BB_39
668,NS.1792.004.UDP0232_i7---UDP0232_i5.BB_40
669,NS.1792.004.UDP0233_i7---UDP0233_i5.BB_41
670,NS.1792.004.UDP0234_i7---UDP0234_i5.BB_42
671,NS.1792.004.UDP0235_i7---UDP0235_i5.BB_43
672,NS.1792.004.UDP0237_i7---UDP0237_i5.BB_45
673,NS.1792.004.UDP0238_i7---UDP0238_i5.BB_46
674,NS.1792.004.UDP0289_i7---UDP0289_i5.3N_17
675,NS.1792.004.UDP0290_i7---UDP0290_i5.3N_18
676,NS.1792.004.UDP0291_i7---UDP0291_i5.3N_19
677,NS.1792.004.UDP0292_i7---UDP0292_i5.3N_20
678,NS.1792.004.UDP0294_i7---UDP0294_i5.3N_22
679,NS.1792.004.UDP0295_i7---UDP0295_i5.3N_23
680,NS.1792.004.UDP0296_i7---UDP0296_i5.3N_24
681,NS.1792.004.UDP0297_i7---UDP0297_i5.3N_25
682,NS.1792.004.UDP0298_i7---UDP0298_i5.3N_26
683,NS.1792.004.UDP0299_i7---UDP0299_i5.3N_27
684,NS.1792.004.UDP0301_i7---UDP0301_i5.3N_29
685,NS.1792.004.UDP0302_i7---UDP0302_i5.3N_30
686,NS.1792.004.UDP0303_i7---UDP0303_i5.3N_31
687,NS.1792.004.UDP0304_i7---UDP0304_i5.3N_32
688,NS.1792.004.UDP0305_i7---UDP0305_i5.3N33
689,NS.1792.004.UDP0370_i7---UDP0370_i5.T42
690,NS.1792.004.UDP0371_i7---UDP0371_i5.T32
691,NS.1792.004.UDP0372_i7---UDP0372_i5.T1
692,NS.1792.004.UDP0375_i7---UDP0375_i5.SMB_27
693,NS.1792.004.UDP0377_i7---UDP0377_i5.T26
694,NS.1792.004.UDP0378_i7---UDP0378_i5.T9
695,NS.1792.004.UDP0379_i7---UDP0379_i5.T19
696,NS.1792.004.UDP0380_i7---UDP0380_i5.T22
697,NS.1792.004.UDP0381_i7---UDP0381_i5.T28
698,NS.1792.004.UDP0382_i7---UDP0382_i5.T24
699,NS.1792.004.UDP0383_i7---UDP0383_i5.T35
700,NS.1792.004.UDP0384_i7---UDP0384_i5.T38
701,NS.1794.002.UDP0010_i7---UDP0010_i5.WCB_F_65
702,NS.1794.002.UDP0012_i7---UDP0012_i5.WCB_F_67
703,NS.1794.002.UDP0014_i7---UDP0014_i5.WCB_F_69
704,NS.1794.002.UDP0088_i7---UDP0088_i5.WCB_F_64
705,NS.1794.002.UDP0097_i7---UDP0097_i5.TB_016
706,NS.1794.002.UDP0098_i7---UDP0098_i5.TB_017
707,NS.1794.002.UDP0099_i7---UDP0099_i5.TB_018
708,NS.1794.002.UDP0100_i7---UDP0100_i5.TB_019
709,NS.1794.002.UDP0101_i7---UDP0101_i5.TB_020
710,NS.1794.002.UDP0102_i7---UDP0102_i5.TB_021
711,NS.1794.002.UDP0103_i7---UDP0103_i5.TB_022
712,NS.1794.002.UDP0104_i7---UDP0104_i5.TB_023
713,NS.1794.002.UDP0105_i7---UDP0105_i5.TB_024
714,NS.1794.002.UDP0106_i7---UDP0106_i5.TB_025
715,NS.1794.002.UDP0107_i7---UDP0107_i5.TB_026
716,NS.1794.002.UDP0108_i7---UDP0108_i5.TB_027
717,NS.1794.002.UDP0109_i7---UDP0109_i5.TB_028
718,NS.1794.002.UDP0110_i7---UDP0110_i5.TB_029
719,NS.1794.002.UDP0111_i7---UDP0111_i5.TB_030
720,NS.1794.002.UDP0112_i7---UDP0112_i5.TB_031
721,NS.1794.002.UDP0113_i7---UDP0113_i5.TB_032
722,NS.1794.002.UDP0114_i7---UDP0114_i5.TB_033
723,NS.1794.002.UDP0115_i7---UDP0115_i5.TB_034
724,NS.1794.002.UDP0116_i7---UDP0116_i5.TB_035
725,NS.1794.002.UDP0117_i7---UDP0117_i5.NENS_1
726,NS.1794.002.UDP0118_i7---UDP0118_i5.NENS_2
727,NS.1794.002.UDP0119_i7---UDP0119_i5.NENS_3
728,NS.1794.002.UDP0120_i7---UDP0120_i5.NENS_4
729,NS.1794.002.UDP0122_i7---UDP0122_i5.NENS_6
730,NS.1794.002.UDP0123_i7---UDP0123_i5.NENS_7
731,NS.1794.002.UDP0124_i7---UDP0124_i5.NENS_8
732,NS.1794.002.UDP0125_i7---UDP0125_i5.NENS_9
733,NS.1794.002.UDP0127_i7---UDP0127_i5.NENS_11
734,NS.1794.002.UDP0128_i7---UDP0128_i5.NENS_12
735,NS.1794.002.UDP0131_i7---UDP0131_i5.NENS_15
736,NS.1794.002.UDP0132_i7---UDP0132_i5.NENS_16
737,NS.1794.002.UDP0134_i7---UDP0134_i5.NENS_18
738,NS.1794.002.UDP0135_i7---UDP0135_i5.NENS_19
739,NS.1794.002.UDP0136_i7---UDP0136_i5.NENS_20
740,NS.1794.002.UDP0137_i7---UDP0137_i5.NENS_21
741,NS.1794.002.UDP0140_i7---UDP0140_i5.NENS_24
742,NS.1794.002.UDP0141_i7---UDP0141_i5.NENS_25
743,NS.1794.002.UDP0143_i7---UDP0143_i5.NENS_27
744,NS.1794.002.UDP0144_i7---UDP0144_i5.NENS_28
745,NS.1794.002.UDP0146_i7---UDP0146_i5.NENS_30
746,NS.1794.002.UDP0148_i7---UDP0148_i5.NENS_32
747,NS.1794.002.UDP0149_i7---UDP0149_i5.NENS_33
748,NS.1794.002.UDP0150_i7---UDP0150_i5.NENS_34
749,NS.1794.002.UDP0151_i7---UDP0151_i5.NENS_35
750,NS.1794.002.UDP0152_i7---UDP0152_i5.4X_1
751,NS.1794.002.UDP0153_i7---UDP0153_i5.4X_2
752,NS.1794.002.UDP0154_i7---UDP0154_i5.4X_3
753,NS.1794.002.UDP0155_i7---UDP0155_i5.4X_4
754,NS.1794.002.UDP0156_i7---UDP0156_i5.4X_5
755,NS.1794.002.UDP0159_i7---UDP0159_i5.4X_8
756,NS.1794.002.UDP0160_i7---UDP0160_i5.4X_9
757,NS.1794.002.UDP0161_i7---UDP0161_i5.4X_10
758,NS.1794.002.UDP0163_i7---UDP0163_i5.4X_12
759,NS.1794.002.UDP0164_i7---UDP0164_i5.4X_13
760,NS.1794.002.UDP0165_i7---UDP0165_i5.4X_14
761,NS.1794.002.UDP0166_i7---UDP0166_i5.4X_15
762,NS.1794.002.UDP0167_i7---UDP0167_i5.4X_16
763,NS.1794.002.UDP0168_i7---UDP0168_i5.4X_17
764,NS.1794.002.UDP0169_i7---UDP0169_i5.4X_18
765,NS.1794.002.UDP0170_i7---UDP0170_i5.4X_19
766,NS.1794.002.UDP0171_i7---UDP0171_i5.4X_20
767,NS.1794.002.UDP0172_i7---UDP0172_i5.4X_21
768,NS.1794.002.UDP0173_i7---UDP0173_i5.4X_22
769,NS.1794.002.UDP0174_i7---UDP0174_i5.4X_23
770,NS.1794.002.UDP0175_i7---UDP0175_i5.4X_24
771,NS.1794.002.UDP0176_i7---UDP0176_i5.4X_25
772,NS.1794.002.UDP0177_i7---UDP0177_i5.4X_26
773,NS.1794.002.UDP0178_i7---UDP0178_i5.4X_27
774,NS.1794.002.UDP0179_i7---UDP0179_i5.4X_28
775,NS.1794.002.UDP0180_i7---UDP0180_i5.4X_29
776,NS.1794.002.UDP0181_i7---UDP0181_i5.4X_30
777,NS.1794.002.UDP0182_i7---UDP0182_i5.4X_31
778,NS.1794.002.UDP0183_i7---UDP0183_i5.4X_32
779,NS.1794.002.UDP0184_i7---UDP0184_i5.4X_33
780,NS.1794.002.UDP0185_i7---UDP0185_i5.4X_34
781,NS.1794.002.UDP0186_i7---UDP0186_i5.4X_35
782,NS.1794.002.UDP0187_i7---UDP0187_i5.NENS_out_1
783,NS.1794.002.UDP0188_i7---UDP0188_i5.NENS_out_2
784,NS.1794.002.UDP0189_i7---UDP0189_i5.NENS_out_3
785,NS.1794.002.UDP0190_i7---UDP0190_i5.NENS_out_4
786,NS.1794.002.UDP0191_i7---UDP0191_i5.NENS_out_5
787,NS.1794.003.UDP0097_i7---UDP0097_i5.NENS_out_6
788,NS.1794.003.UDP0098_i7---UDP0098_i5.NENS_out_7
789,NS.1794.003.UDP0099_i7---UDP0099_i5.NENS_out_8
790,NS.1794.003.UDP0100_i7---UDP0100_i5.NENS_out_9
791,NS.1794.003.UDP0101_i7---UDP0101_i5.NENS_out_10
792,NS.1794.003.UDP0102_i7---UDP0102_i5.NENS_out_11
793,NS.1794.003.UDP0103_i7---UDP0103_i5.NENS_out_12
794,NS.1794.003.UDP0104_i7---UDP0104_i5.NENS_out_13
795,NS.1794.003.UDP0105_i7---UDP0105_i5.NENS_out_14
796,NS.1794.003.UDP0106_i7---UDP0106_i5.NENS_out_15
797,NS.1794.003.UDP0107_i7---UDP0107_i5.NENS_out_16
798,NS.1794.003.UDP0108_i7---UDP0108_i5.NENS_out_17
799,NS.1794.003.UDP0109_i7---UDP0109_i5.NENS_out_18
800,NS.1794.003.UDP0110_i7---UDP0110_i5.NENS_out_19
801,NS.1794.003.UDP0111_i7---UDP0111_i5.NENS_out_20
802,NS.1794.003.UDP0112_i7---UDP0112_i5.NENS_out_21
803,NS.1794.003.UDP0113_i7---UDP0113_i5.NENS_out_22
804,NS.1794.003.UDP0114_i7---UDP0114_i5.NENS_out_23
805,NS.1794.003.UDP0115_i7---UDP0115_i5.NENS_out_24
806,NS.1794.003.UDP0116_i7---UDP0116_i5.NENS_out_25
807,NS.1794.003.UDP0117_i7---UDP0117_i5.NENS_out_26
808,NS.1794.003.UDP0118_i7---UDP0118_i5.NENS_out_27
809,NS.1794.003.UDP0119_i7---UDP0119_i5.NENS_out_28
810,NS.1794.003.UDP0120_i7---UDP0120_i5.NENS_out_29
811,NS.1794.003.UDP0121_i7---UDP0121_i5.NENS_out_30
812,NS.1794.003.UDP0122_i7---UDP0122_i5.NENS_out_31
813,NS.1794.003.UDP0123_i7---UDP0123_i5.NENS_out_32
814,NS.1794.003.UDP0124_i7---UDP0124_i5.NENS_out_33
815,NS.1794.003.UDP0125_i7---UDP0125_i5.NENS_out_34
816,NS.1794.003.UDP0126_i7---UDP0126_i5.NENS_out_35
817,NS.1794.003.UDP0127_i7---UDP0127_i5.6222_1
818,NS.1794.003.UDP0128_i7---UDP0128_i5.6222_2
819,NS.1794.003.UDP0129_i7---UDP0129_i5.6222_3
820,NS.1794.003.UDP0131_i7---UDP0131_i5.6222_5
821,NS.1794.003.UDP0132_i7---UDP0132_i5.6222_6
822,NS.1794.003.UDP0133_i7---UDP0133_i5.6222_7
823,NS.1794.003.UDP0134_i7---UDP0134_i5.6222_8
824,NS.1794.003.UDP0135_i7---UDP0135_i5.6222_9
825,NS.1794.003.UDP0136_i7---UDP0136_i5.6222_10
826,NS.1794.003.UDP0137_i7---UDP0137_i5.6222_11
827,NS.1794.003.UDP0138_i7---UDP0138_i5.6222_12
828,NS.1794.003.UDP0139_i7---UDP0139_i5.6222_13
829,NS.1794.003.UDP0140_i7---UDP0140_i5.6222_14
830,NS.1794.003.UDP0142_i7---UDP0142_i5.6222_16
831,NS.1794.003.UDP0143_i7---UDP0143_i5.6222_17
832,NS.1794.003.UDP0144_i7---UDP0144_i5.6222_18
833,NS.1794.003.UDP0145_i7---UDP0145_i5.6222_19
834,NS.1794.003.UDP0146_i7---UDP0146_i5.6222_20
835,NS.1794.003.UDP0147_i7---UDP0147_i5.6222_21
836,NS.1794.003.UDP0148_i7---UDP0148_i5.6222_22
837,NS.1794.003.UDP0149_i7---UDP0149_i5.6222_23
838,NS.1794.003.UDP0150_i7---UDP0150_i5.6222_24
839,NS.1794.003.UDP0151_i7---UDP0151_i5.6222_25
840,NS.1794.003.UDP0152_i7---UDP0152_i5.6222_26
841,NS.1794.003.UDP0153_i7---UDP0153_i5.6222_27
842,NS.1794.003.UDP0154_i7---UDP0154_i5.6222_28
843,NS.1794.003.UDP0155_i7---UDP0155_i5.6222_29
844,NS.1794.003.UDP0156_i7---UDP0156_i5.6222_30
845,NS.1794.003.UDP0157_i7---UDP0157_i5.6222_31
846,NS.1794.003.UDP0158_i7---UDP0158_i5.6222_32
847,NS.1794.003.UDP0159_i7---UDP0159_i5.6222_33
848,NS.1794.003.UDP0160_i7---UDP0160_i5.6222_34
849,NS.1794.003.UDP0161_i7---UDP0161_i5.6222_35
850,NS.1794.003.UDP0162_i7---UDP0162_i5.2420_1
851,NS.1794.003.UDP0163_i7---UDP0163_i5.2420_2
852,NS.1794.003.UDP0164_i7---UDP0164_i5.2420_3
853,NS.1794.003.UDP0165_i7---UDP0165_i5.2420_4
854,NS.1794.003.UDP0166_i7---UDP0166_i5.2420_5
855,NS.1794.003.UDP0167_i7---UDP0167_i5.2420_6
856,NS.1794.003.UDP0168_i7---UDP0168_i5.2420_7
857,NS.1794.003.UDP0169_i7---UDP0169_i5.2420_8
858,NS.1794.003.UDP0170_i7---UDP0170_i5.2420_9
859,NS.1794.003.UDP0171_i7---UDP0171_i5.2420_10
860,NS.1794.003.UDP0172_i7---UDP0172_i5.2420_11
861,NS.1794.003.UDP0173_i7---UDP0173_i5.2420_12
862,NS.1794.003.UDP0174_i7---UDP0174_i5.2420_13
863,NS.1794.003.UDP0175_i7---UDP0175_i5.2420_14
864,NS.1794.003.UDP0176_i7---UDP0176_i5.2420_15
865,NS.1794.003.UDP0177_i7---UDP0177_i5.2420_16
866,NS.1794.003.UDP0178_i7---UDP0178_i5.2420_17
867,NS.1794.003.UDP0179_i7---UDP0179_i5.2420_18
868,NS.1794.003.UDP0180_i7---UDP0180_i5.2420_19
869,NS.1794.003.UDP0181_i7---UDP0181_i5.2420_20
870,NS.1794.003.UDP0182_i7---UDP0182_i5.2420_21
871,NS.1794.003.UDP0183_i7---UDP0183_i5.2420_22
872,NS.1794.003.UDP0184_i7---UDP0184_i5.2420_23
873,NS.1794.003.UDP0185_i7---UDP0185_i5.2420_24
874,NS.1794.003.UDP0186_i7---UDP0186_i5.2420_25
875,NS.1794.003.UDP0187_i7---UDP0187_i5.2420_26
876,NS.1794.003.UDP0188_i7---UDP0188_i5.2420_27
877,NS.1794.003.UDP0189_i7---UDP0189_i5.2420_28
878,NS.1794.003.UDP0190_i7---UDP0190_i5.2420_29
879,NS.1794.003.UDP0191_i7---UDP0191_i5.2420_30
880,NS.1794.004.UDP0097_i7---UDP0097_i5.2420_31
881,NS.1794.004.UDP0098_i7---UDP0098_i5.2420_32
882,NS.1794.004.UDP0099_i7---UDP0099_i5.2420_33
883,NS.1794.004.UDP0100_i7---UDP0100_i5.2420_34
884,NS.1794.004.UDP0101_i7---UDP0101_i5.2420_35
885,NS.1794.004.UDP0102_i7---UDP0102_i5.AW_1
886,NS.1794.004.UDP0103_i7---UDP0103_i5.AW_2
887,NS.1794.004.UDP0104_i7---UDP0104_i5.AW_3
888,NS.1794.004.UDP0105_i7---UDP0105_i5.AW_4
889,NS.1794.004.UDP0106_i7---UDP0106_i5.AW_5
890,NS.1794.004.UDP0107_i7---UDP0107_i5.AW_6
891,NS.1794.004.UDP0108_i7---UDP0108_i5.AW_7
892,NS.1794.004.UDP0109_i7---UDP0109_i5.AW_8
893,NS.1794.004.UDP0110_i7---UDP0110_i5.AW_9
894,NS.1794.004.UDP0111_i7---UDP0111_i5.AW_10
895,NS.1794.004.UDP0112_i7---UDP0112_i5.AW_11
896,NS.1794.004.UDP0113_i7---UDP0113_i5.AW_12
897,NS.1794.004.UDP0114_i7---UDP0114_i5.AW_13
898,NS.1794.004.UDP0115_i7---UDP0115_i5.AW_14
899,NS.1794.004.UDP0116_i7---UDP0116_i5.AW_15
900,NS.1794.004.UDP0117_i7---UDP0117_i5.AW_16
901,NS.1794.004.UDP0118_i7---UDP0118_i5.AW_17
902,NS.1794.004.UDP0119_i7---UDP0119_i5.AW_18
903,NS.1794.004.UDP0120_i7---UDP0120_i5.AW_19
904,NS.1794.004.UDP0121_i7---UDP0121_i5.AW_20
905,NS.1794.004.UDP0122_i7---UDP0122_i5.AW_21
906,NS.1794.004.UDP0123_i7---UDP0123_i5.AW_22
907,NS.1794.004.UDP0124_i7---UDP0124_i5.AW_23
908,NS.1794.004.UDP0125_i7---UDP0125_i5.AW_24
909,NS.1794.004.UDP0126_i7---UDP0126_i5.AW_25
910,NS.1794.004.UDP0127_i7---UDP0127_i5.AW_26
911,NS.1794.004.UDP0128_i7---UDP0128_i5.AW_27
912,NS.1794.004.UDP0129_i7---UDP0129_i5.AW_28
913,NS.1794.004.UDP0130_i7---UDP0130_i5.AW_29
914,NS.1794.004.UDP0131_i7---UDP0131_i5.AW_30
915,NS.1794.004.UDP0132_i7---UDP0132_i5.AW_31
916,NS.1794.004.UDP0133_i7---UDP0133_i5.AW_32
917,NS.1794.004.UDP0134_i7---UDP0134_i5.AW_33
918,NS.1794.004.UDP0135_i7---UDP0135_i5.AW_34
919,NS.1794.004.UDP0136_i7---UDP0136_i5.AW_35
920,NS.1794.004.UDP0137_i7---UDP0137_i5.WCB_F_1
921,NS.1794.004.UDP0138_i7---UDP0138_i5.WCB_F_2
922,NS.1794.004.UDP0139_i7---UDP0139_i5.WCB_F_3
923,NS.1794.004.UDP0140_i7---UDP0140_i5.WCB_F_4
924,NS.1794.004.UDP0141_i7---UDP0141_i5.WCB_F_5
925,NS.1794.004.UDP0142_i7---UDP0142_i5.WCB_F_6
926,NS.1794.004.UDP0143_i7---UDP0143_i5.WCB_F_7
927,NS.1794.004.UDP0144_i7---UDP0144_i5.WCB_F_8
928,NS.1794.004.UDP0145_i7---UDP0145_i5.WCB_F_9
929,NS.1794.004.UDP0146_i7---UDP0146_i5.WCB_F_10
930,NS.1794.004.UDP0147_i7---UDP0147_i5.WCB_F_11
931,NS.1794.004.UDP0148_i7---UDP0148_i5.WCB_F_12
932,NS.1794.004.UDP0149_i7---UDP0149_i5.WCB_F_13
933,NS.1794.004.UDP0150_i7---UDP0150_i5.WCB_F_14
934,NS.1794.004.UDP0151_i7---UDP0151_i5.WCB_F_15
935,NS.1794.004.UDP0152_i7---UDP0152_i5.WCB_F_16
936,NS.1794.004.UDP0153_i7---UDP0153_i5.WCB_F_17
937,NS.1794.004.UDP0154_i7---UDP0154_i5.WCB_F_18
938,NS.1794.004.UDP0155_i7---UDP0155_i5.WCB_F_19
939,NS.1794.004.UDP0156_i7---UDP0156_i5.WCB_F_20
940,NS.1794.004.UDP0157_i7---UDP0157_i5.WCB_F_21
941,NS.1794.004.UDP0158_i7---UDP0158_i5.WCB_F_22
942,NS.1794.004.UDP0159_i7---UDP0159_i5.WCB_F_23
943,NS.1794.004.UDP0160_i7---UDP0160_i5.WCB_F_24
944,NS.1794.004.UDP0161_i7---UDP0161_i5.WCB_F_25
945,NS.1794.004.UDP0162_i7---UDP0162_i5.WCB_F_26
946,NS.1794.004.UDP0163_i7---UDP0163_i5.WCB_F_27
947,NS.1794.004.UDP0164_i7---UDP0164_i5.WCB_F_28
948,NS.1794.004.UDP0165_i7---UDP0165_i5.WCB_F_29
949,NS.1794.004.UDP0166_i7---UDP0166_i5.WCB_F_30
950,NS.1794.004.UDP0167_i7---UDP0167_i5.WCB_F_31
951,NS.1794.004.UDP0168_i7---UDP0168_i5.WCB_F_32
952,NS.1794.004.UDP0169_i7---UDP0169_i5.WCB_F_33
953,NS.1794.004.UDP0170_i7---UDP0170_i5.WCB_F_34
954,NS.1794.004.UDP0171_i7---UDP0171_i5.WCB_F_35
955,NS.1794.004.UDP0173_i7---UDP0173_i5.WCB_F_37
956,NS.1794.004.UDP0174_i7---UDP0174_i5.WCB_F_38
957,NS.1794.004.UDP0175_i7---UDP0175_i5.WCB_F_39
958,NS.1794.004.UDP0176_i7---UDP0176_i5.WCB_F_40
959,NS.1794.004.UDP0177_i7---UDP0177_i5.WCB_F_41
960,NS.1794.004.UDP0178_i7---UDP0178_i5.WCB_F_42
961,NS.1794.004.UDP0179_i7---UDP0179_i5.WCB_F_43
962,NS.1794.004.UDP0180_i7---UDP0180_i5.WCB_F_44
963,NS.1794.004.UDP0181_i7---UDP0181_i5.WCB_F_45
964,NS.1794.004.UDP0182_i7---UDP0182_i5.WCB_F_46
965,NS.1794.004.UDP0183_i7---UDP0183_i5.WCB_F_47
966,NS.1794.004.UDP0184_i7---UDP0184_i5.WCB_F_48
967,NS.1794.004.UDP0185_i7---UDP0185_i5.WCB_F_49
968,NS.1794.004.UDP0186_i7---UDP0186_i5.WCB_F_50
969,NS.1794.004.UDP0187_i7---UDP0187_i5.WCB_F_51
970,NS.1794.004.UDP0188_i7---UDP0188_i5.WCB_F_52
971,NS.1794.004.UDP0189_i7---UDP0189_i5.WCB_F_53
972,NS.1794.004.UDP0190_i7---UDP0190_i5.WCB_F_54
973,NS.1794.004.UDP0191_i7---UDP0191_i5.WCB_F_55
974,NS.1798.004.UDP0025_i7---UDP0025_i5.D039
975,NS.1798.004.UDP0026_i7---UDP0026_i5.D040
976,NS.1798.004.UDP0027_i7---UDP0027_i5.D041
977,NS.1798.004.UDP0028_i7---UDP0028_i5.D042
978,NS.1798.004.UDP0029_i7---UDP0029_i5.D043
979,NS.1798.004.UDP0030_i7---UDP0030_i5.D044
980,NS.1798.004.UDP0031_i7---UDP0031_i5.D045
981,NS.1798.004.UDP0032_i7---UDP0032_i5.D046
982,NS.1798.004.UDP0097_i7---UDP0097_i5.WCB_M_1
983,NS.1798.004.UDP0098_i7---UDP0098_i5.WCB_M_2
984,NS.1798.004.UDP0099_i7---UDP0099_i5.WCB_M_3
985,NS.1798.004.UDP0100_i7---UDP0100_i5.WCB_M_4
986,NS.1798.004.UDP0101_i7---UDP0101_i5.WCB_M_5
987,NS.1798.004.UDP0102_i7---UDP0102_i5.WCB_M_6
988,NS.1798.004.UDP0103_i7---UDP0103_i5.WCB_M_7
989,NS.1798.004.UDP0104_i7---UDP0104_i5.WCB_M_8
990,NS.1798.004.UDP0105_i7---UDP0105_i5.WCB_M_9
991,NS.1798.004.UDP0106_i7---UDP0106_i5.WCB_M_10
992,NS.1798.004.UDP0108_i7---UDP0108_i5.WCB_M_12
993,NS.1798.004.UDP0109_i7---UDP0109_i5.WCB_M_13
994,NS.1798.004.UDP0110_i7---UDP0110_i5.WCB_M_14
995,NS.1798.004.UDP0111_i7---UDP0111_i5.WCB_M_15
996,NS.1798.004.UDP0112_i7---UDP0112_i5.WCB_M_16
997,NS.1798.004.UDP0113_i7---UDP0113_i5.WCB_M_17
998,NS.1798.004.UDP0114_i7---UDP0114_i5.WCB_M_18
999,NS.1798.004.UDP0115_i7---UDP0115_i5.WCB_M_19
1000,NS.1798.004.UDP0116_i7---UDP0116_i5.WCB_M_20
1001,NS.1798.004.UDP0117_i7---UDP0117_i5.WCB_M_21
1002,NS.1798.004.UDP0118_i7---UDP0118_i5.WCB_M_22
1003,NS.1798.004.UDP0119_i7---UDP0119_i5.WCB_M_23
1004,NS.1798.004.UDP0120_i7---UDP0120_i5.WCB_M_24
1005,NS.1798.004.UDP0121_i7---UDP0121_i5.WCB_M_25
1006,NS.1798.004.UDP0122_i7---UDP0122_i5.WCB_M_26
1007,NS.1798.004.UDP0123_i7---UDP0123_i5.WCB_M_27
1008,NS.1798.004.UDP0124_i7---UDP0124_i5.WCB_M_28
1009,NS.1798.004.UDP0126_i7---UDP0126_i5.WCB_M_30
1010,NS.1798.004.UDP0127_i7---UDP0127_i5.WCB_M_31
1011,NS.1798.004.UDP0128_i7---UDP0128_i5.WCB_M_32
1012,NS.1798.004.UDP0129_i7---UDP0129_i5.WCB_M_33
1013,NS.1798.004.UDP0130_i7---UDP0130_i5.WCB_M_34
1014,NS.1798.004.UDP0131_i7---UDP0131_i5.WCB_M_35
1015,NS.1798.004.UDP0132_i7---UDP0132_i5.WCB_M_36
1016,NS.1798.004.UDP0133_i7---UDP0133_i5.WCB_M_37
1017,NS.1798.004.UDP0134_i7---UDP0134_i5.WCB_M_38
1018,NS.1798.004.UDP0135_i7---UDP0135_i5.WCB_M_39
1019,NS.1798.004.UDP0136_i7---UDP0136_i5.WCB_M_40
1020,NS.1798.004.UDP0137_i7---UDP0137_i5.WCB_M_41
1021,NS.1798.004.UDP0138_i7---UDP0138_i5.WCB_M_42
1022,NS.1798.004.UDP0139_i7---UDP0139_i5.WCB_M_43
1023,NS.1798.004.UDP0140_i7---UDP0140_i5.WCB_M_44
1024,NS.1798.004.UDP0141_i7---UDP0141_i5.WCB_M_45
1025,NS.1798.004.UDP0142_i7---UDP0142_i5.WCB_M_46
1026,NS.1798.004.UDP0143_i7---UDP0143_i5.WCB_M_47
1027,NS.1798.004.UDP0145_i7---UDP0145_i5.WCB_M_49
1028,NS.1798.004.UDP0146_i7---UDP0146_i5.WCB_M_50
1029,NS.1798.004.UDP0148_i7---UDP0148_i5.WCB_M_52
1030,NS.1798.004.UDP0149_i7---UDP0149_i5.WCB_M_53
1031,NS.1798.004.UDP0150_i7---UDP0150_i5.WCB_M_54
1032,NS.1798.004.UDP0151_i7---UDP0151_i5.WCB_M_55
1033,NS.1798.004.UDP0152_i7---UDP0152_i5.WCB_M_56
1034,NS.1798.004.UDP0153_i7---UDP0153_i5.WCB_M_57
1035,NS.1798.004.UDP0154_i7---UDP0154_i5.WCB_M_58
1036,NS.1798.004.UDP0155_i7---UDP0155_i5.WCB_M_59
1037,NS.1798.004.UDP0156_i7---UDP0156_i5.WCB_M_60
1038,NS.1798.004.UDP0157_i7---UDP0157_i5.WCB_M_61
1039,NS.1798.004.UDP0158_i7---UDP0158_i5.WCB_M_62
1040,NS.1798.004.UDP0159_i7---UDP0159_i5.WCB_M_63
1041,NS.1798.004.UDP0160_i7---UDP0160_i5.WCB_M_64
1042,NS.1798.004.UDP0161_i7---UDP0161_i5.WCB_M_65
1043,NS.1798.004.UDP0162_i7---UDP0162_i5.WCB_M_66
1044,NS.1798.004.UDP0163_i7---UDP0163_i5.WCB_M_67
1045,NS.1798.004.UDP0164_i7---UDP0164_i5.WCB_M_68
1046,NS.1798.004.UDP0166_i7---UDP0166_i5.WCB_M_70
1047,NS.1798.004.UDP0167_i7---UDP0167_i5.D013
1048,NS.1798.004.UDP0168_i7---UDP0168_i5.D014
1049,NS.1798.004.UDP0169_i7---UDP0169_i5.D015
1050,NS.1798.004.UDP0170_i7---UDP0170_i5.D016
1051,NS.1798.004.UDP0171_i7---UDP0171_i5.D017
1052,NS.1798.004.UDP0173_i7---UDP0173_i5.D019
1053,NS.1798.004.UDP0174_i7---UDP0174_i5.D020
1054,NS.1798.004.UDP0175_i7---UDP0175_i5.D021
1055,NS.1798.004.UDP0176_i7---UDP0176_i5.D022
1056,NS.1798.004.UDP0177_i7---UDP0177_i5.D023
1057,NS.1798.004.UDP0178_i7---UDP0178_i5.D024
1058,NS.1798.004.UDP0179_i7---UDP0179_i5.D025
1059,NS.1798.004.UDP0180_i7---UDP0180_i5.D026
1060,NS.1798.004.UDP0181_i7---UDP0181_i5.D027
1061,NS.1798.004.UDP0182_i7---UDP0182_i5.D028
1062,NS.1798.004.UDP0183_i7---UDP0183_i5.D029
1063,NS.1798.004.UDP0184_i7---UDP0184_i5.D030
1064,NS.1798.004.UDP0185_i7---UDP0185_i5.D031
1065,NS.1798.004.UDP0186_i7---UDP0186_i5.D032
1066,NS.1798.004.UDP0187_i7---UDP0187_i5.D033
1067,NS.1798.004.UDP0188_i7---UDP0188_i5.D034
1068,NS.1798.004.UDP0189_i7---UDP0189_i5.D035
1069,NS.1798.004.UDP0190_i7---UDP0190_i5.D036
1070,NS.1798.004.UDP0191_i7---UDP0191_i5.D037
1071,NS.1798.004.UDP0313_i7---UDP0313_i5.D047
1072,NS.1798.004.UDP0321_i7---UDP0321_i5.D048
