INDV	O(HOM)	E(HOM)	N_SITES	F	POP	LAT
NS.1781.002.UDP0200_i7---UDP0200_i5.BdC17	83904	85198.5	115959	-0.04208	Baie des Chal	47.83
NS.1781.002.UDP0208_i7---UDP0208_i5.BdC18	86451	89206.7	121351	-0.08573	Baie des Chal	47.83
NS.1781.002.UDP0216_i7---UDP0216_i5.BdC19	85911	87128.1	118530	-0.03876	Baie des Chal	47.83
NS.1781.002.UDP0224_i7---UDP0224_i5.BdC20	87981	92763.8	126036	-0.14375	Baie des Chal	47.83
NS.1781.002.UDP0232_i7---UDP0232_i5.BdC21	86802	90918.5	123627	-0.12585	Baie des Chal	47.83
NS.1781.002.UDP0240_i7---UDP0240_i5.BdC22	87280	91865.3	124855	-0.13899	Baie des Chal	47.83
NS.1781.002.UDP0248_i7---UDP0248_i5.BdC23	87445	95754.3	130010	-0.24257	Baie des Chal	47.83
NS.1781.002.UDP0256_i7---UDP0256_i5.BdC24	86696	91609.9	124524	-0.1493	Baie des Chal	47.83
NS.1781.002.UDP0264_i7---UDP0264_i5.BdC25	88357	94784.9	128737	-0.18932	Baie des Chal	47.83
NS.1781.002.UDP0272_i7---UDP0272_i5.BdC26	85291	87617.6	119190	-0.07369	Baie des Chal	47.83
NS.1781.002.UDP0274_i7---UDP0274_i5.BdC2	86619	96743.5	131324	-0.29278	Baie des Chal	47.83
NS.1781.002.UDP0275_i7---UDP0275_i5.BdC3	88179	95783.5	130044	-0.22196	Baie des Chal	47.83
NS.1781.002.UDP0277_i7---UDP0277_i5.BdC5	87731	92410.9	125575	-0.14111	Baie des Chal	47.83
NS.1781.002.UDP0278_i7---UDP0278_i5.BdC6	87937	93042.4	126448	-0.15283	Baie des Chal	47.83
NS.1781.002.UDP0279_i7---UDP0279_i5.BdC7	87787	92346.5	125511	-0.13748	Baie des Chal	47.83
NS.1781.002.UDP0281_i7---UDP0281_i5.BdC9	86030	88099.7	119849	-0.06519	Baie des Chal	47.83
NS.1781.002.UDP0282_i7---UDP0282_i5.BdC10	87980	94743	128665	-0.19937	Baie des Chal	47.83
NS.1781.002.UDP0283_i7---UDP0283_i5.BdC11	86962	96203.8	130630	-0.26845	Baie des Chal	47.83
NS.1781.002.UDP0284_i7---UDP0284_i5.BdC12	87780	95040.1	129078	-0.21329	Baie des Chal	47.83
NS.1781.002.UDP0286_i7---UDP0286_i5.BdC14	88379	93625.5	127195	-0.15629	Baie des Chal	47.83
NS.1781.002.UDP0287_i7---UDP0287_i5.BdC15	87264	94357.2	128170	-0.20978	Baie des Chal	47.83
NS.1781.003.UDP0274_i7---UDP0274_i5.BdC28	87881	96633.8	131196	-0.25325	Baie des Chal	47.83
NS.1781.003.UDP0275_i7---UDP0275_i5.BdC29	87797	93953.8	127636	-0.18279	Baie des Chal	47.83
NS.1781.003.UDP0276_i7---UDP0276_i5.BdC30	87402	96284.1	130713	-0.25798	Baie des Chal	47.83
NS.1781.003.UDP0277_i7---UDP0277_i5.BdC16	87240	94752.4	128689	-0.22137	Baie des Chal	47.83
NS.1792.004.UDP0193_i7---UDP0193_i5.BB_1	87336	92354.5	125491	-0.15145	Bradelle Bank	47.43
NS.1792.004.UDP0194_i7---UDP0194_i5.BB_2	86637	90949.1	123662	-0.13182	Bradelle Bank	47.43
NS.1792.004.UDP0195_i7---UDP0195_i5.BB_3	86412	90165.3	122589	-0.11576	Bradelle Bank	47.43
NS.1792.004.UDP0196_i7---UDP0196_i5.BB_4	87505	91948.3	124980	-0.13452	Bradelle Bank	47.43
NS.1792.004.UDP0197_i7---UDP0197_i5.BB_5	87929	93969.5	127620	-0.17951	Bradelle Bank	47.43
NS.1792.004.UDP0198_i7---UDP0198_i5.BB_6	87493	92289.2	125405	-0.14483	Bradelle Bank	47.43
NS.1792.004.UDP0199_i7---UDP0199_i5.BB_7	84875	98258.4	133332	-0.38158	Bradelle Bank	47.43
NS.1792.004.UDP0200_i7---UDP0200_i5.BB_8	85624	88777.8	120776	-0.09856	Bradelle Bank	47.43
NS.1792.004.UDP0201_i7---UDP0201_i5.BB_9	88302	95529	129706	-0.21146	Bradelle Bank	47.43
NS.1792.004.UDP0202_i7---UDP0202_i5.BB_10	85888	94609.9	128487	-0.25746	Bradelle Bank	47.43
NS.1792.004.UDP0203_i7---UDP0203_i5.BB_11	87017	92443	125622	-0.16354	Bradelle Bank	47.43
NS.1792.004.UDP0204_i7---UDP0204_i5.BB_12	87399	95708.8	129978	-0.24249	Bradelle Bank	47.43
NS.1792.004.UDP0205_i7---UDP0205_i5.BB_13	87723	93889.1	127555	-0.18316	Bradelle Bank	47.43
NS.1792.004.UDP0206_i7---UDP0206_i5.BB_14	86979	91243	124013	-0.13012	Bradelle Bank	47.43
NS.1792.004.UDP0207_i7---UDP0207_i5.BB_15	87187	92409	125591	-0.15738	Bradelle Bank	47.43
NS.1792.004.UDP0208_i7---UDP0208_i5.BB_16	81849	81511	111072	0.01143	Bradelle Bank	47.43
NS.1792.004.UDP0209_i7---UDP0209_i5.BB_17	86918	97566	132418	-0.30552	Bradelle Bank	47.43
NS.1792.004.UDP0210_i7---UDP0210_i5.BB_18	85929	90255.4	122692	-0.13338	Bradelle Bank	47.43
NS.1792.004.UDP0212_i7---UDP0212_i5.BB_20	88248	93385.2	126873	-0.1534	Bradelle Bank	47.43
NS.1792.004.UDP0213_i7---UDP0213_i5.BB_21	86911	90092.6	122437	-0.09837	Bradelle Bank	47.43
NS.1792.004.UDP0214_i7---UDP0214_i5.BB_22	87581	91996.8	125021	-0.13371	Bradelle Bank	47.43
NS.1792.004.UDP0215_i7---UDP0215_i5.BB_23	88687	95748.6	130004	-0.20615	Bradelle Bank	47.43
NS.1792.004.UDP0216_i7---UDP0216_i5.BB_24	86642	96810.6	131418	-0.29383	Bradelle Bank	47.43
NS.1792.004.UDP0217_i7---UDP0217_i5.BB_25	88138	93648.2	127226	-0.1641	Bradelle Bank	47.43
NS.1792.004.UDP0218_i7---UDP0218_i5.BB_26	88071	95681.2	129911	-0.22233	Bradelle Bank	47.43
NS.1792.004.UDP0219_i7---UDP0219_i5.BB_27	83990	86554.6	117841	-0.08197	Bradelle Bank	47.43
NS.1792.004.UDP0220_i7---UDP0220_i5.BB_28	87213	90337.4	122824	-0.09617	Bradelle Bank	47.43
NS.1792.004.UDP0221_i7---UDP0221_i5.BB_29	82278	82419.4	112252	-0.00474	Bradelle Bank	47.43
NS.1792.004.UDP0222_i7---UDP0222_i5.BB_30	87635	92509.8	125742	-0.14669	Bradelle Bank	47.43
NS.1792.004.UDP0223_i7---UDP0223_i5.BB_31	86997	89225.2	121379	-0.0693	Bradelle Bank	47.43
NS.1792.004.UDP0224_i7---UDP0224_i5.BB_32	87817	95673.8	129930	-0.22935	Bradelle Bank	47.43
NS.1792.004.UDP0225_i7---UDP0225_i5.BB_33	88032	92850.4	126141	-0.14474	Bradelle Bank	47.43
NS.1792.004.UDP0226_i7---UDP0226_i5.BB_34	86514	90674.7	123309	-0.1275	Bradelle Bank	47.43
NS.1792.004.UDP0227_i7---UDP0227_i5.BB_35	85132	86002.7	117080	-0.02802	Bradelle Bank	47.43
NS.1792.004.UDP0228_i7---UDP0228_i5.BB_36	88036	92630.9	125872	-0.13823	Bradelle Bank	47.43
NS.1792.004.UDP0229_i7---UDP0229_i5.BB_37	86770	91072.3	123820	-0.13138	Bradelle Bank	47.43
NS.1792.004.UDP0230_i7---UDP0230_i5.BB_38	88002	94158.9	127909	-0.18243	Bradelle Bank	47.43
NS.1792.004.UDP0231_i7---UDP0231_i5.BB_39	85632	98222	133289	-0.35903	Bradelle Bank	47.43
NS.1792.004.UDP0232_i7---UDP0232_i5.BB_40	87041	97518.2	132369	-0.30063	Bradelle Bank	47.43
NS.1792.004.UDP0233_i7---UDP0233_i5.BB_41	88659	94703.2	128631	-0.17815	Bradelle Bank	47.43
NS.1792.004.UDP0234_i7---UDP0234_i5.BB_42	88364	94532.6	128394	-0.18217	Bradelle Bank	47.43
NS.1792.004.UDP0235_i7---UDP0235_i5.BB_43	87464	92718	126024	-0.15775	Bradelle Bank	47.43
NS.1792.004.UDP0237_i7---UDP0237_i5.BB_45	87981	93418.5	126944	-0.16219	Bradelle Bank	47.43
NS.1792.004.UDP0238_i7---UDP0238_i5.BB_46	85937	87622.8	119175	-0.05343	Bradelle Bank	47.43
NS.1789.002.UDP0142_i7---UDP0142_i5.FB_1	86249	95283.1	129382	-0.26494	Fortune Bay	47.35
NS.1789.002.UDP0143_i7---UDP0143_i5.FB_2	87545	96390.9	130870	-0.25656	Fortune Bay	47.35
NS.1789.002.UDP0144_i7---UDP0144_i5.FB_3	87379	93608.8	127208	-0.18542	Fortune Bay	47.35
NS.1789.002.UDP0145_i7---UDP0145_i5.FB_4	87654	96668.9	131243	-0.26074	Fortune Bay	47.35
NS.1789.002.UDP0146_i7---UDP0146_i5.FB_5	86874	96437	130946	-0.27712	Fortune Bay	47.35
NS.1789.002.UDP0147_i7---UDP0147_i5.FB_6	87206	93108.2	126530	-0.1766	Fortune Bay	47.35
NS.1789.002.UDP0148_i7---UDP0148_i5.FB_7	88195	95137.5	129184	-0.20391	Fortune Bay	47.35
NS.1789.002.UDP0149_i7---UDP0149_i5.FB_8	86346	97553.5	132405	-0.32158	Fortune Bay	47.35
NS.1789.002.UDP0150_i7---UDP0150_i5.FB_9	88104	95087.9	129158	-0.20499	Fortune Bay	47.35
NS.1789.002.UDP0151_i7---UDP0151_i5.FB_10	85014	98140.8	133174	-0.3747	Fortune Bay	47.35
NS.1789.002.UDP0152_i7---UDP0152_i5.FB_11	88080	96453.8	130956	-0.2427	Fortune Bay	47.35
NS.1789.002.UDP0153_i7---UDP0153_i5.FB_12	86954	90243.5	122718	-0.10129	Fortune Bay	47.35
NS.1789.002.UDP0154_i7---UDP0154_i5.FB_13	86993	94986.6	128991	-0.23508	Fortune Bay	47.35
NS.1789.002.UDP0155_i7---UDP0155_i5.FB_14	86575	97253.5	132007	-0.30727	Fortune Bay	47.35
NS.1789.002.UDP0156_i7---UDP0156_i5.FB_15	87790	91759.8	124730	-0.12041	Fortune Bay	47.35
NS.1789.002.UDP0157_i7---UDP0157_i5.FB_16	87633	95124	129201	-0.21983	Fortune Bay	47.35
NS.1789.002.UDP0158_i7---UDP0158_i5.FB_17	87970	95076.6	129166	-0.20847	Fortune Bay	47.35
NS.1789.002.UDP0159_i7---UDP0159_i5.FB_18	87563	93627.1	127215	-0.18054	Fortune Bay	47.35
NS.1789.002.UDP0160_i7---UDP0160_i5.FB_19	87904	95610.9	129828	-0.22524	Fortune Bay	47.35
NS.1789.002.UDP0161_i7---UDP0161_i5.FB_20	87852	92186.9	125300	-0.13091	Fortune Bay	47.35
NS.1789.002.UDP0162_i7---UDP0162_i5.FB_21	88061	92737	126010	-0.14053	Fortune Bay	47.35
NS.1789.002.UDP0163_i7---UDP0163_i5.FB_22	87497	96519.6	131052	-0.26128	Fortune Bay	47.35
NS.1789.002.UDP0164_i7---UDP0164_i5.FB_23	86457	89736.8	122023	-0.10158	Fortune Bay	47.35
NS.1789.002.UDP0165_i7---UDP0165_i5.FB_24	84373	86532.1	117772	-0.06911	Fortune Bay	47.35
NS.1789.002.UDP0166_i7---UDP0166_i5.FB_25	87854	96669.3	131234	-0.25504	Fortune Bay	47.35
NS.1789.002.UDP0167_i7---UDP0167_i5.FB_26	88704	94033.5	127754	-0.15805	Fortune Bay	47.35
NS.1789.002.UDP0168_i7---UDP0168_i5.FB_27	80918	79793.6	108845	0.0387	Fortune Bay	47.35
NS.1789.002.UDP0169_i7---UDP0169_i5.FB_28	87535	92401.7	125588	-0.14665	Fortune Bay	47.35
NS.1789.002.UDP0170_i7---UDP0170_i5.FB_29	86539	95763.3	130049	-0.26904	Fortune Bay	47.35
NS.1789.002.UDP0171_i7---UDP0171_i5.FB_30	87468	90995.4	123706	-0.10784	Fortune Bay	47.35
NS.1789.002.UDP0172_i7---UDP0172_i5.FB_31	87993	93104.7	126477	-0.15317	Fortune Bay	47.35
NS.1789.002.UDP0173_i7---UDP0173_i5.FB_32	88206	92913.9	126281	-0.14109	Fortune Bay	47.35
NS.1789.002.UDP0174_i7---UDP0174_i5.FB_33	87688	93781.2	127416	-0.18116	Fortune Bay	47.35
NS.1789.002.UDP0175_i7---UDP0175_i5.FB_34	87589	92351.2	125485	-0.14373	Fortune Bay	47.35
NS.1789.002.UDP0176_i7---UDP0176_i5.FB_35	86787	90312.7	122772	-0.10862	Fortune Bay	47.35
NS.1794.003.UDP0162_i7---UDP0162_i5.2420_1	83959	87688.5	119340	-0.11783	Labrador_2420	48.464
NS.1794.003.UDP0163_i7---UDP0163_i5.2420_2	85214	87666.3	119279	-0.07757	Labrador_2420	48.464
NS.1794.003.UDP0164_i7---UDP0164_i5.2420_3	85032	90649	123285	-0.17211	Labrador_2420	48.464
NS.1794.003.UDP0165_i7---UDP0165_i5.2420_4	73827	71739.3	97998	0.0795	Labrador_2420	48.464
NS.1794.003.UDP0166_i7---UDP0166_i5.2420_5	84111	85909.3	116939	-0.05795	Labrador_2420	48.464
NS.1794.003.UDP0167_i7---UDP0167_i5.2420_6	87263	90828.9	123521	-0.10908	Labrador_2420	48.464
NS.1794.003.UDP0168_i7---UDP0168_i5.2420_7	87020	90878.7	123566	-0.11805	Labrador_2420	48.464
NS.1794.003.UDP0169_i7---UDP0169_i5.2420_8	85405	87491.6	119075	-0.06607	Labrador_2420	48.464
NS.1794.003.UDP0170_i7---UDP0170_i5.2420_9	86097	92911.8	126261	-0.20435	Labrador_2420	48.464
NS.1794.003.UDP0171_i7---UDP0171_i5.2420_10	75932	74258.2	101426	0.06161	Labrador_2420	48.464
NS.1794.003.UDP0172_i7---UDP0172_i5.2420_11	78908	78803.1	107452	0.00366	Labrador_2420	48.464
NS.1794.003.UDP0173_i7---UDP0173_i5.2420_12	86670	91658.5	124625	-0.15132	Labrador_2420	48.464
NS.1794.003.UDP0174_i7---UDP0174_i5.2420_13	87088	93624.7	127213	-0.19461	Labrador_2420	48.464
NS.1794.003.UDP0175_i7---UDP0175_i5.2420_14	84142	92334.4	125496	-0.24704	Labrador_2420	48.464
NS.1794.003.UDP0176_i7---UDP0176_i5.2420_15	87975	94151.8	127901	-0.18302	Labrador_2420	48.464
NS.1794.003.UDP0177_i7---UDP0177_i5.2420_16	87388	90430	122989	-0.09343	Labrador_2420	48.464
NS.1794.003.UDP0178_i7---UDP0178_i5.2420_17	84665	86301.6	117452	-0.05254	Labrador_2420	48.464
NS.1794.003.UDP0179_i7---UDP0179_i5.2420_18	85430	90701.8	123296	-0.16174	Labrador_2420	48.464
NS.1794.003.UDP0180_i7---UDP0180_i5.2420_19	86927	92374.9	125511	-0.16441	Labrador_2420	48.464
NS.1794.003.UDP0181_i7---UDP0181_i5.2420_20	78715	77565.5	105829	0.04067	Labrador_2420	48.464
NS.1794.003.UDP0182_i7---UDP0182_i5.2420_21	77185	75133.1	102642	0.07459	Labrador_2420	48.464
NS.1794.003.UDP0183_i7---UDP0183_i5.2420_22	86019	88223.9	120039	-0.0693	Labrador_2420	48.464
NS.1794.003.UDP0184_i7---UDP0184_i5.2420_23	87820	95071.3	129108	-0.21304	Labrador_2420	48.464
NS.1794.003.UDP0185_i7---UDP0185_i5.2420_24	85892	87847.9	119576	-0.06165	Labrador_2420	48.464
NS.1794.003.UDP0186_i7---UDP0186_i5.2420_25	85276	86945.2	118330	-0.05319	Labrador_2420	48.464
NS.1794.003.UDP0187_i7---UDP0187_i5.2420_26	85677	88921.3	120950	-0.10129	Labrador_2420	48.464
NS.1794.003.UDP0188_i7---UDP0188_i5.2420_27	87358	91308.3	124111	-0.12043	Labrador_2420	48.464
NS.1794.003.UDP0189_i7---UDP0189_i5.2420_28	84441	86451.8	117661	-0.06443	Labrador_2420	48.464
NS.1794.003.UDP0190_i7---UDP0190_i5.2420_29	86055	88431	120324	-0.0745	Labrador_2420	48.464
NS.1794.003.UDP0191_i7---UDP0191_i5.2420_30	86876	91111.2	123878	-0.12925	Labrador_2420	48.464
NS.1794.004.UDP0097_i7---UDP0097_i5.2420_31	83935	85555.7	116417	-0.05252	Labrador_2420	48.464
NS.1794.004.UDP0098_i7---UDP0098_i5.2420_32	85862	88418.1	120280	-0.08022	Labrador_2420	48.464
NS.1794.004.UDP0099_i7---UDP0099_i5.2420_33	87978	93666.2	127234	-0.16945	Labrador_2420	48.464
NS.1794.004.UDP0100_i7---UDP0100_i5.2420_34	87138	94921.2	128899	-0.22907	Labrador_2420	48.464
NS.1794.004.UDP0101_i7---UDP0101_i5.2420_35	87387	93503.2	127068	-0.18222	Labrador_2420	48.464
NS.1794.003.UDP0127_i7---UDP0127_i5.6222_1	84843	87095.2	118484	-0.07175	Labrador_6222	49.484
NS.1794.003.UDP0128_i7---UDP0128_i5.6222_2	80994	81072.6	110478	-0.00267	Labrador_6222	49.484
NS.1794.003.UDP0129_i7---UDP0129_i5.6222_3	80521	80556.8	109790	-0.00122	Labrador_6222	49.484
NS.1794.003.UDP0131_i7---UDP0131_i5.6222_5	87654	92531.2	125749	-0.14683	Labrador_6222	49.484
NS.1794.003.UDP0132_i7---UDP0132_i5.6222_6	86297	89560	121768	-0.10131	Labrador_6222	49.484
NS.1794.003.UDP0133_i7---UDP0133_i5.6222_7	86519	89002	121086	-0.07739	Labrador_6222	49.484
NS.1794.003.UDP0134_i7---UDP0134_i5.6222_8	86218	89703.5	122012	-0.10788	Labrador_6222	49.484
NS.1794.003.UDP0135_i7---UDP0135_i5.6222_9	86926	90094	122549	-0.09761	Labrador_6222	49.484
NS.1794.003.UDP0136_i7---UDP0136_i5.6222_10	86571	89962	122356	-0.10468	Labrador_6222	49.484
NS.1794.003.UDP0137_i7---UDP0137_i5.6222_11	86512	90510.8	123071	-0.12281	Labrador_6222	49.484
NS.1794.003.UDP0138_i7---UDP0138_i5.6222_12	86188	89178.6	121278	-0.09317	Labrador_6222	49.484
NS.1794.003.UDP0139_i7---UDP0139_i5.6222_13	86579	90978.1	123662	-0.1346	Labrador_6222	49.484
NS.1794.003.UDP0140_i7---UDP0140_i5.6222_14	83090	84736.1	115410	-0.05366	Labrador_6222	49.484
NS.1794.003.UDP0142_i7---UDP0142_i5.6222_16	86701	90305.3	122794	-0.11094	Labrador_6222	49.484
NS.1794.003.UDP0143_i7---UDP0143_i5.6222_17	84925	87152	118636	-0.07073	Labrador_6222	49.484
NS.1794.003.UDP0144_i7---UDP0144_i5.6222_18	87585	93404.3	126912	-0.17367	Labrador_6222	49.484
NS.1794.003.UDP0145_i7---UDP0145_i5.6222_19	78964	78017	106455	0.0333	Labrador_6222	49.484
NS.1794.003.UDP0146_i7---UDP0146_i5.6222_20	87403	91534.4	124408	-0.12568	Labrador_6222	49.484
NS.1794.003.UDP0147_i7---UDP0147_i5.6222_21	84284	85564.5	116456	-0.04145	Labrador_6222	49.484
NS.1794.003.UDP0148_i7---UDP0148_i5.6222_22	78381	77356.1	105575	0.03632	Labrador_6222	49.484
NS.1794.003.UDP0149_i7---UDP0149_i5.6222_23	83256	83641.1	113924	-0.01272	Labrador_6222	49.484
NS.1794.003.UDP0150_i7---UDP0150_i5.6222_24	83905	84574.2	115207	-0.02184	Labrador_6222	49.484
NS.1794.003.UDP0151_i7---UDP0151_i5.6222_25	88119	94353.3	128174	-0.18433	Labrador_6222	49.484
NS.1794.003.UDP0152_i7---UDP0152_i5.6222_26	86902	95815.6	130064	-0.26026	Labrador_6222	49.484
NS.1794.003.UDP0153_i7---UDP0153_i5.6222_27	86592	90209.7	122692	-0.11137	Labrador_6222	49.484
NS.1794.003.UDP0154_i7---UDP0154_i5.6222_28	85983	94475.7	128326	-0.25089	Labrador_6222	49.484
NS.1794.003.UDP0155_i7---UDP0155_i5.6222_29	86319	92510.8	125706	-0.18653	Labrador_6222	49.484
NS.1794.003.UDP0156_i7---UDP0156_i5.6222_30	83894	86356.9	117594	-0.07885	Labrador_6222	49.484
NS.1794.003.UDP0157_i7---UDP0157_i5.6222_31	86704	92063.3	125144	-0.16201	Labrador_6222	49.484
NS.1794.003.UDP0158_i7---UDP0158_i5.6222_32	87969	94285.3	128044	-0.1871	Labrador_6222	49.484
NS.1794.003.UDP0159_i7---UDP0159_i5.6222_33	85600	87816.7	119419	-0.07014	Labrador_6222	49.484
NS.1794.003.UDP0160_i7---UDP0160_i5.6222_34	87888	94832.3	128791	-0.20449	Labrador_6222	49.484
NS.1794.003.UDP0161_i7---UDP0161_i5.6222_35	83277	83484.5	113747	-0.00686	Labrador_6222	49.484
NS.1780.004.UDP0263_i7---UDP0263_i5.LC1	88233	95069.3	129117	-0.20078	LillyCanyon	44.899
NS.1780.004.UDP0264_i7---UDP0264_i5.LC2	87827	94883.6	128856	-0.20771	LillyCanyon	44.899
NS.1780.004.UDP0265_i7---UDP0265_i5.LC7	87255	90365.2	122880	-0.09565	LillyCanyon	44.899
NS.1780.004.UDP0266_i7---UDP0266_i5.LC8	87578	91595	124513	-0.12203	LillyCanyon	44.899
NS.1780.004.UDP0267_i7---UDP0267_i5.LC9	87825	95693.1	129952	-0.22966	LillyCanyon	44.899
NS.1780.004.UDP0268_i7---UDP0268_i5.LC10	86465	96425.9	130893	-0.289	LillyCanyon	44.899
NS.1780.004.UDP0269_i7---UDP0269_i5.LC11	87718	92174.5	125293	-0.13456	LillyCanyon	44.899
NS.1780.004.UDP0270_i7---UDP0270_i5.LC12	84540	85758.6	116742	-0.03933	LillyCanyon	44.899
NS.1780.004.UDP0271_i7---UDP0271_i5.LC13	87587	92233.9	125354	-0.1403	LillyCanyon	44.899
NS.1780.004.UDP0272_i7---UDP0272_i5.LC14	88018	95021.7	129045	-0.20585	LillyCanyon	44.899
NS.1780.004.UDP0275_i7---UDP0275_i5.LC17	85312	86480.7	117690	-0.03745	LillyCanyon	44.899
NS.1780.004.UDP0276_i7---UDP0276_i5.LC18	83661	84140.9	114583	-0.01576	LillyCanyon	44.899
NS.1780.004.UDP0277_i7---UDP0277_i5.LC19	79499	78268.2	106749	0.04321	LillyCanyon	44.899
NS.1780.004.UDP0278_i7---UDP0278_i5.LC20	77262	75823.7	103429	0.0521	LillyCanyon	44.899
NS.1780.004.UDP0279_i7---UDP0279_i5.LC21	80679	80667.9	109984	0.00038	LillyCanyon	44.899
NS.1780.004.UDP0281_i7---UDP0281_i5.LC23	80287	79238.6	108040	0.0364	LillyCanyon	44.899
NS.1780.004.UDP0282_i7---UDP0282_i5.LC24	84006	84277	114845	-0.00886	LillyCanyon	44.899
NS.1780.004.UDP0283_i7---UDP0283_i5.LC25	87830	92838.7	126192	-0.15017	LillyCanyon	44.899
NS.1780.004.UDP0284_i7---UDP0284_i5.LC26	86807	89732.8	122013	-0.09064	LillyCanyon	44.899
NS.1780.004.UDP0285_i7---UDP0285_i5.LC27	88023	94154.6	127921	-0.18159	LillyCanyon	44.899
NS.1780.004.UDP0286_i7---UDP0286_i5.LC28	87772	92936.4	126246	-0.15504	LillyCanyon	44.899
NS.1780.004.UDP0287_i7---UDP0287_i5.LC29	86184	96704.5	131279	-0.30429	LillyCanyon	44.899
NS.1781.003.UDP0263_i7---UDP0263_i5.LC3	87420	96802.5	131414	-0.27108	LillyCanyon	44.899
NS.1781.003.UDP0264_i7---UDP0264_i5.LC4	86822	89830.8	122191	-0.09298	LillyCanyon	44.899
NS.1781.003.UDP0265_i7---UDP0265_i5.LC31	85502	86901.7	118368	-0.04448	LillyCanyon	44.899
NS.1781.003.UDP0266_i7---UDP0266_i5.LC32	87839	93405.5	126911	-0.16614	LillyCanyon	44.899
NS.1781.003.UDP0267_i7---UDP0267_i5.LC33	87712	95243.7	129363	-0.22074	LillyCanyon	44.899
NS.1781.003.UDP0268_i7---UDP0268_i5.LC34	87899	96467.9	130973	-0.24834	LillyCanyon	44.899
NS.1781.003.UDP0269_i7---UDP0269_i5.LC35	82240	94655.1	128549	-0.36629	LillyCanyon	44.899
NS.1781.003.UDP0270_i7---UDP0270_i5.LC36	87991	93520.7	127065	-0.16485	LillyCanyon	44.899
NS.1781.003.UDP0271_i7---UDP0271_i5.LC37	87541	93757.8	127386	-0.18487	LillyCanyon	44.899
NS.1780.004.UDP0193_i7---UDP0193_i5.MB1	87022	90040.7	122428	-0.09321	MarB	46.0235
NS.1780.004.UDP0194_i7---UDP0194_i5.MB2	79553	79077.4	107841	0.01653	MarB	46.0235
NS.1780.004.UDP0195_i7---UDP0195_i5.MB3	86780	90697.6	123278	-0.12024	MarB	46.0235
NS.1780.004.UDP0196_i7---UDP0196_i5.MB4	81689	83512.5	113772	-0.06026	MarB	46.0235
NS.1780.004.UDP0197_i7---UDP0197_i5.MB5	87386	95186.3	129266	-0.22888	MarB	46.0235
NS.1780.004.UDP0198_i7---UDP0198_i5.MB6	86032	89122.8	121195	-0.09637	MarB	46.0235
NS.1780.004.UDP0199_i7---UDP0199_i5.MB7	88060	92703.4	125999	-0.13946	MarB	46.0235
NS.1780.004.UDP0200_i7---UDP0200_i5.MB8	81794	81492.3	111021	0.01022	MarB	46.0235
NS.1780.004.UDP0201_i7---UDP0201_i5.MB9	87937	94458.9	128261	-0.19294	MarB	46.0235
NS.1780.004.UDP0202_i7---UDP0202_i5.MB10	86276	88990.1	121036	-0.08469	MarB	46.0235
NS.1780.004.UDP0204_i7---UDP0204_i5.MB12	86956	96548.7	131062	-0.27794	MarB	46.0235
NS.1780.004.UDP0205_i7---UDP0205_i5.MB13	86771	97225.8	131966	-0.30094	MarB	46.0235
NS.1780.004.UDP0207_i7---UDP0207_i5.MB22	86860	90248	122732	-0.1043	MarB	46.0235
NS.1780.004.UDP0208_i7---UDP0208_i5.MB23	81127	81310.3	110817	-0.00621	MarB	46.0235
NS.1780.004.UDP0209_i7---UDP0209_i5.MB20	88087	95505.7	129689	-0.21703	MarB	46.0235
NS.1780.004.UDP0210_i7---UDP0210_i5.MB31	87208	91347	124173	-0.12609	MarB	46.0235
NS.1780.004.UDP0211_i7---UDP0211_i5.MB21	86685	90882.9	123532	-0.12857	MarB	46.0235
NS.1780.004.UDP0212_i7---UDP0212_i5.MB15	87814	95509.9	129699	-0.2251	MarB	46.0235
NS.1780.004.UDP0213_i7---UDP0213_i5.MB29	88065	94590.7	128450	-0.19273	MarB	46.0235
NS.1780.004.UDP0214_i7---UDP0214_i5.MB30	87371	91993.7	125036	-0.1399	MarB	46.0235
NS.1780.004.UDP0215_i7---UDP0215_i5.MB24	87954	96528.6	131054	-0.24836	MarB	46.0235
NS.1780.004.UDP0216_i7---UDP0216_i5.MB28	87548	96786.7	131392	-0.26697	MarB	46.0235
NS.1780.004.UDP0217_i7---UDP0217_i5.MB19	77269	75788.3	103418	0.05359	MarB	46.0235
NS.1780.004.UDP0218_i7---UDP0218_i5.MB16	87685	93091.1	126488	-0.16187	MarB	46.0235
NS.1780.004.UDP0219_i7---UDP0219_i5.MB18	87421	96875.5	131498	-0.27307	MarB	46.0235
NS.1780.004.UDP0220_i7---UDP0220_i5.MB17	85844	88248.1	120023	-0.07566	MarB	46.0235
NS.1780.004.UDP0221_i7---UDP0221_i5.MB25	85508	87078.1	118438	-0.05007	MarB	46.0235
NS.1780.004.UDP0222_i7---UDP0222_i5.MB26	87740	93871.6	127515	-0.18225	MarB	46.0235
NS.1780.004.UDP0223_i7---UDP0223_i5.MB27	84830	87663.1	119224	-0.08977	MarB	46.0235
NS.1780.004.UDP0224_i7---UDP0224_i5.MB32	87746	92200.5	125303	-0.13457	MarB	46.0235
NS.1780.004.UDP0225_i7---UDP0225_i5.MB33	85505	89575.8	121814	-0.12627	MarB	46.0235
NS.1780.004.UDP0226_i7---UDP0226_i5.MB34	86527	96533	131064	-0.28977	MarB	46.0235
NS.1780.004.UDP0227_i7---UDP0227_i5.MB35	87175	97047.8	131719	-0.28475	MarB	46.0235
NS.1780.003.UDP0195_i7---UDP0195_i5.MC3	87287	92121.6	125210	-0.14611	MarC	44.4543
NS.1780.003.UDP0196_i7---UDP0196_i5.MC4	87510	94643.2	128544	-0.21041	MarC	44.4543
NS.1780.003.UDP0197_i7---UDP0197_i5.MC5	87491	92955.1	126324	-0.16375	MarC	44.4543
NS.1780.003.UDP0198_i7---UDP0198_i5.MC6	87889	95698.9	129923	-0.2282	MarC	44.4543
NS.1780.003.UDP0199_i7---UDP0199_i5.MC7	87024	91147.1	123913	-0.12583	MarC	44.4543
NS.1780.003.UDP0200_i7---UDP0200_i5.MC8	87887	92905.6	126251	-0.1505	MarC	44.4543
NS.1780.003.UDP0201_i7---UDP0201_i5.MC9	87686	92714.2	126018	-0.15098	MarC	44.4543
NS.1780.003.UDP0202_i7---UDP0202_i5.MC10	87027	93083	126439	-0.18156	MarC	44.4543
NS.1780.003.UDP0203_i7---UDP0203_i5.MC11	88171	93465.4	127036	-0.15771	MarC	44.4543
NS.1780.003.UDP0204_i7---UDP0204_i5.MC12	87669	95819.8	130095	-0.2378	MarC	44.4543
NS.1780.003.UDP0205_i7---UDP0205_i5.MC13	86849	96762.6	131364	-0.28651	MarC	44.4543
NS.1780.003.UDP0206_i7---UDP0206_i5.MC14	87579	93279.1	126744	-0.17033	MarC	44.4543
NS.1780.003.UDP0207_i7---UDP0207_i5.MC15	87375	96671.8	131250	-0.26886	MarC	44.4543
NS.1780.003.UDP0208_i7---UDP0208_i5.MC16	87394	92455.2	125654	-0.15245	MarC	44.4543
NS.1780.003.UDP0209_i7---UDP0209_i5.MC17	88240	95269.6	129359	-0.20621	MarC	44.4543
NS.1780.003.UDP0211_i7---UDP0211_i5.MC19	86912	90074.4	122477	-0.0976	MarC	44.4543
NS.1780.003.UDP0212_i7---UDP0212_i5.MC20	87602	95972.2	130291	-0.2439	MarC	44.4543
NS.1780.003.UDP0213_i7---UDP0213_i5.MC21	86759	96561.5	131071	-0.28405	MarC	44.4543
NS.1780.003.UDP0214_i7---UDP0214_i5.MC22	87673	94708.7	128636	-0.20737	MarC	44.4543
NS.1780.003.UDP0215_i7---UDP0215_i5.MC23	88186	95891.2	130205	-0.22455	MarC	44.4543
NS.1780.003.UDP0216_i7---UDP0216_i5.MC24	87032	96287.2	130737	-0.26866	MarC	44.4543
NS.1780.003.UDP0217_i7---UDP0217_i5.MC25	74970	72867.5	99619	0.07859	MarC	44.4543
NS.1780.003.UDP0218_i7---UDP0218_i5.MC26	88060	94862.3	128827	-0.20027	MarC	44.4543
NS.1780.003.UDP0219_i7---UDP0219_i5.MC27	87676	92458.1	125696	-0.14388	MarC	44.4543
NS.1780.003.UDP0220_i7---UDP0220_i5.MC28	87397	95135	129219	-0.22703	MarC	44.4543
NS.1780.003.UDP0221_i7---UDP0221_i5.MC29	87838	93782.7	127395	-0.17686	MarC	44.4543
NS.1780.003.UDP0222_i7---UDP0222_i5.MC30	87529	95444.3	129593	-0.23179	MarC	44.4543
NS.1780.003.UDP0223_i7---UDP0223_i5.MC31	87626	93823.7	127453	-0.18429	MarC	44.4543
NS.1780.003.UDP0224_i7---UDP0224_i5.MC32	87648	95785.5	130076	-0.23731	MarC	44.4543
NS.1780.003.UDP0225_i7---UDP0225_i5.MC33	88107	92257.8	125367	-0.12537	MarC	44.4543
NS.1780.003.UDP0226_i7---UDP0226_i5.MC34	87038	90646.2	123303	-0.11049	MarC	44.4543
NS.1780.003.UDP0227_i7---UDP0227_i5.MC35	88084	92254.2	125406	-0.12579	MarC	44.4543
NS.1780.003.UDP0228_i7---UDP0228_i5.MC36	87608	93916.4	127588	-0.18735	MarC	44.4543
NS.1780.003.UDP0229_i7---UDP0229_i5.MC37	87325	92519	125687	-0.1566	MarC	44.4543
NS.1780.003.UDP0230_i7---UDP0230_i5.MC38	87484	92771.5	126061	-0.15883	MarC	44.4543
NS.1780.003.UDP0231_i7---UDP0231_i5.MC39	87393	95500.9	129702	-0.23707	MarC	44.4543
NS.1780.003.UDP0232_i7---UDP0232_i5.MC40	87831	94309.9	128090	-0.1918	MarC	44.4543
NS.1780.003.UDP0233_i7---UDP0233_i5.MC41	87768	90901.4	123607	-0.09581	MarC	44.4543
NS.1780.003.UDP0234_i7---UDP0234_i5.MC42	87526	93350.8	126848	-0.17389	MarC	44.4543
NS.1780.003.UDP0235_i7---UDP0235_i5.MC43	87833	97112.7	131818	-0.26739	MarC	44.4543
NS.1780.003.UDP0236_i7---UDP0236_i5.MC44	88053	92848	126153	-0.14397	MarC	44.4543
NS.1780.003.UDP0237_i7---UDP0237_i5.MC45	87658	93451.2	126940	-0.17299	MarC	44.4543
NS.1780.003.UDP0238_i7---UDP0238_i5.MC46	86457	90122.3	122542	-0.11306	MarC	44.4543
NS.1780.003.UDP0239_i7---UDP0239_i5.MC47	80379	80497.3	109778	-0.00404	MarC	44.4543
NS.1780.003.UDP0240_i7---UDP0240_i5.MC48	88583	93011.2	126404	-0.13261	MarC	44.4543
NS.1798.004.UDP0167_i7---UDP0167_i5.D013	84423	86818.4	118171	-0.0764	MarD	44.45767
NS.1798.004.UDP0168_i7---UDP0168_i5.D014	81510	81300	110829	0.00711	MarD	44.45767
NS.1798.004.UDP0169_i7---UDP0169_i5.D015	86106	88438.2	120302	-0.07319	MarD	44.45767
NS.1798.004.UDP0170_i7---UDP0170_i5.D016	83318	84742.5	115399	-0.04647	MarD	44.45767
NS.1798.004.UDP0171_i7---UDP0171_i5.D017	87886	92384.2	125557	-0.1356	MarD	44.45767
NS.1798.004.UDP0173_i7---UDP0173_i5.D019	84623	85497	116395	-0.02829	MarD	44.45767
NS.1798.004.UDP0174_i7---UDP0174_i5.D020	87506	93116.6	126538	-0.16787	MarD	44.45767
NS.1798.004.UDP0175_i7---UDP0175_i5.D021	87498	90998.2	123704	-0.10702	MarD	44.45767
NS.1798.004.UDP0176_i7---UDP0176_i5.D022	79221	78158.6	106607	0.03734	MarD	44.45767
NS.1798.004.UDP0177_i7---UDP0177_i5.D023	86921	89086.6	121187	-0.06746	MarD	44.45767
NS.1798.004.UDP0178_i7---UDP0178_i5.D024	76842	75595.2	103290	0.04502	MarD	44.45767
NS.1798.004.UDP0179_i7---UDP0179_i5.D025	81241	81691.2	111379	-0.01516	MarD	44.45767
NS.1798.004.UDP0180_i7---UDP0180_i5.D026	86382	89248.4	121381	-0.08921	MarD	44.45767
NS.1798.004.UDP0181_i7---UDP0181_i5.D027	82603	83012.3	113098	-0.01361	MarD	44.45767
NS.1798.004.UDP0182_i7---UDP0182_i5.D028	85615	87403.6	118999	-0.05661	MarD	44.45767
NS.1798.004.UDP0183_i7---UDP0183_i5.D029	84286	86789.8	118052	-0.08009	MarD	44.45767
NS.1798.004.UDP0184_i7---UDP0184_i5.D030	87464	95396.2	129548	-0.23226	MarD	44.45767
NS.1798.004.UDP0185_i7---UDP0185_i5.D031	87490	95941.7	130280	-0.24613	MarD	44.45767
NS.1798.004.UDP0186_i7---UDP0186_i5.D032	86143	89613.8	121840	-0.1077	MarD	44.45767
NS.1798.004.UDP0187_i7---UDP0187_i5.D033	87718	92584.2	125839	-0.14633	MarD	44.45767
NS.1798.004.UDP0188_i7---UDP0188_i5.D034	88347	94461.6	128310	-0.18065	MarD	44.45767
NS.1798.004.UDP0189_i7---UDP0189_i5.D035	86725	89471.3	121744	-0.0851	MarD	44.45767
NS.1798.004.UDP0190_i7---UDP0190_i5.D036	86260	88039.8	119774	-0.05608	MarD	44.45767
NS.1798.004.UDP0191_i7---UDP0191_i5.D037	87159	91249.8	124074	-0.12463	MarD	44.45767
NS.1798.004.UDP0313_i7---UDP0313_i5.D047	83717	83990	114422	-0.00897	MarD	44.45767
NS.1798.004.UDP0321_i7---UDP0321_i5.D048	87167	90684.6	123315	-0.1078	MarD	44.45767
NS.1780.003.UDP0241_i7---UDP0241_i5.ME1	88464	94842.1	128798	-0.18783	MarE	44.0905
NS.1780.003.UDP0242_i7---UDP0242_i5.ME2	76283	74311.9	101441	0.07266	MarE	44.0905
NS.1780.003.UDP0243_i7---UDP0243_i5.ME3	88000	94374.3	128239	-0.18823	MarE	44.0905
NS.1780.003.UDP0244_i7---UDP0244_i5.ME4	86828	90665.7	123265	-0.11772	MarE	44.0905
NS.1780.003.UDP0245_i7---UDP0245_i5.ME5	87787	95404.2	129531	-0.2232	MarE	44.0905
NS.1780.003.UDP0246_i7---UDP0246_i5.ME6	86275	97594.1	132457	-0.32467	MarE	44.0905
NS.1780.003.UDP0247_i7---UDP0247_i5.ME7	87616	94201	127971	-0.195	MarE	44.0905
NS.1780.003.UDP0248_i7---UDP0248_i5.ME8	88022	95934.6	130262	-0.23051	MarE	44.0905
NS.1780.003.UDP0249_i7---UDP0249_i5.ME9	87545	93390.4	126905	-0.17441	MarE	44.0905
NS.1780.003.UDP0250_i7---UDP0250_i5.ME10	87280	92070	125137	-0.14486	MarE	44.0905
NS.1780.003.UDP0251_i7---UDP0251_i5.ME11	87658	93792.6	127418	-0.18244	MarE	44.0905
NS.1780.003.UDP0252_i7---UDP0252_i5.ME12	85931	89245.8	121402	-0.10308	MarE	44.0905
NS.1780.003.UDP0253_i7---UDP0253_i5.ME13	86545	94122.3	127836	-0.22475	MarE	44.0905
NS.1780.003.UDP0254_i7---UDP0254_i5.ME14	86175	88598.1	120477	-0.07601	MarE	44.0905
NS.1780.003.UDP0255_i7---UDP0255_i5.ME15	86783	90539.8	123108	-0.11535	MarE	44.0905
NS.1780.003.UDP0256_i7---UDP0256_i5.ME16	87674	93475.8	127021	-0.17296	MarE	44.0905
NS.1780.003.UDP0257_i7---UDP0257_i5.ME17	87812	92635.9	125872	-0.14514	MarE	44.0905
NS.1780.003.UDP0258_i7---UDP0258_i5.ME18	87222	96411.8	130912	-0.26637	MarE	44.0905
NS.1780.003.UDP0259_i7---UDP0259_i5.ME19	88514	93209.3	126696	-0.14022	MarE	44.0905
NS.1780.003.UDP0260_i7---UDP0260_i5.ME20	86277	88993.7	121030	-0.0848	MarE	44.0905
NS.1780.003.UDP0261_i7---UDP0261_i5.ME21	86609	92008.1	125078	-0.16326	MarE	44.0905
NS.1780.003.UDP0262_i7---UDP0262_i5.ME22	86919	92239.9	125348	-0.16071	MarE	44.0905
NS.1780.003.UDP0263_i7---UDP0263_i5.ME23	85536	97773.4	132685	-0.35053	MarE	44.0905
NS.1780.003.UDP0264_i7---UDP0264_i5.ME24	88052	95180.6	129249	-0.20924	MarE	44.0905
NS.1780.003.UDP0265_i7---UDP0265_i5.ME25	87119	90861.7	123553	-0.11449	MarE	44.0905
NS.1780.003.UDP0266_i7---UDP0266_i5.ME26	87046	91722.7	124702	-0.14181	MarE	44.0905
NS.1780.003.UDP0267_i7---UDP0267_i5.ME27	87536	94200.7	127967	-0.19738	MarE	44.0905
NS.1780.003.UDP0268_i7---UDP0268_i5.ME28	87687	93802.9	127443	-0.1818	MarE	44.0905
NS.1780.003.UDP0269_i7---UDP0269_i5.ME29	85619	87775.8	119482	-0.06802	MarE	44.0905
NS.1780.003.UDP0270_i7---UDP0270_i5.ME30	87609	91182.9	123964	-0.10902	MarE	44.0905
NS.1780.003.UDP0271_i7---UDP0271_i5.ME31	87271	95462.6	129631	-0.23974	MarE	44.0905
NS.1780.003.UDP0272_i7---UDP0272_i5.ME32	85399	95818.9	130139	-0.30361	MarE	44.0905
NS.1780.003.UDP0274_i7---UDP0274_i5.ME34	87029	95494.9	129691	-0.24757	MarE	44.0905
NS.1780.003.UDP0275_i7---UDP0275_i5.ME35	87362	92638.6	125916	-0.15857	MarE	44.0905
NS.1780.003.UDP0276_i7---UDP0276_i5.ME36	86769	90637.6	123221	-0.11873	MarE	44.0905
NS.1780.003.UDP0277_i7---UDP0277_i5.ME37	86933	90343.1	122793	-0.10509	MarE	44.0905
NS.1780.003.UDP0278_i7---UDP0278_i5.ME38	87851	95053.1	129095	-0.21157	MarE	44.0905
NS.1780.003.UDP0279_i7---UDP0279_i5.ME39	87928	94306.8	128097	-0.18878	MarE	44.0905
NS.1780.003.UDP0280_i7---UDP0280_i5.ME40	87100	94752.2	128718	-0.22529	MarE	44.0905
NS.1780.003.UDP0281_i7---UDP0281_i5.ME41	87325	91200	123941	-0.11835	MarE	44.0905
NS.1780.003.UDP0282_i7---UDP0282_i5.ME42	86597	89757.2	122042	-0.09789	MarE	44.0905
NS.1780.003.UDP0284_i7---UDP0284_i5.ME44	84980	88147.1	119913	-0.0997	MarE	44.0905
NS.1780.003.UDP0285_i7---UDP0285_i5.ME45	87262	92715.3	126013	-0.16377	MarE	44.0905
NS.1780.003.UDP0286_i7---UDP0286_i5.ME46	82045	88223.3	120045	-0.19415	MarE	44.0905
NS.1780.003.UDP0287_i7---UDP0287_i5.ME47	87377	90947.1	123655	-0.10915	MarE	44.0905
NS.1794.002.UDP0152_i7---UDP0152_i5.4X_1	85600	88179	120001	-0.08104	NAFO_4X	44.2817
NS.1794.002.UDP0153_i7---UDP0153_i5.4X_2	82466	83006.7	113127	-0.01795	NAFO_4X	44.2817
NS.1794.002.UDP0154_i7---UDP0154_i5.4X_3	71516	69392.2	94842	0.08345	NAFO_4X	44.2817
NS.1794.002.UDP0155_i7---UDP0155_i5.4X_4	78796	78525.6	107139	0.00945	NAFO_4X	44.2817
NS.1794.002.UDP0156_i7---UDP0156_i5.4X_5	73629	71027.9	97065	0.0999	NAFO_4X	44.2817
NS.1794.002.UDP0159_i7---UDP0159_i5.4X_8	76823	75206.3	102704	0.05879	NAFO_4X	44.2817
NS.1794.002.UDP0160_i7---UDP0160_i5.4X_9	82579	82887.1	112963	-0.01025	NAFO_4X	44.2817
NS.1794.002.UDP0161_i7---UDP0161_i5.4X_10	79302	78449.9	107033	0.02981	NAFO_4X	44.2817
NS.1794.002.UDP0163_i7---UDP0163_i5.4X_12	80972	80390.4	109597	0.01991	NAFO_4X	44.2817
NS.1794.002.UDP0164_i7---UDP0164_i5.4X_13	79855	79378	108224	0.01654	NAFO_4X	44.2817
NS.1794.002.UDP0165_i7---UDP0165_i5.4X_14	84154	85480	116382	-0.04291	NAFO_4X	44.2817
NS.1794.002.UDP0166_i7---UDP0166_i5.4X_15	82628	83336.7	113566	-0.02344	NAFO_4X	44.2817
NS.1794.002.UDP0167_i7---UDP0167_i5.4X_16	83573	84128.2	114559	-0.01824	NAFO_4X	44.2817
NS.1794.002.UDP0168_i7---UDP0168_i5.4X_17	81215	81511.1	111136	-0.01	NAFO_4X	44.2817
NS.1794.002.UDP0169_i7---UDP0169_i5.4X_18	85987	87170.3	118621	-0.03762	NAFO_4X	44.2817
NS.1794.002.UDP0170_i7---UDP0170_i5.4X_19	80787	80075.4	109170	0.02446	NAFO_4X	44.2817
NS.1794.002.UDP0171_i7---UDP0171_i5.4X_20	82324	83215.7	113378	-0.02956	NAFO_4X	44.2817
NS.1794.002.UDP0172_i7---UDP0172_i5.4X_21	85297	86154.8	117262	-0.02758	NAFO_4X	44.2817
NS.1794.002.UDP0173_i7---UDP0173_i5.4X_22	83557	85042.4	115777	-0.04833	NAFO_4X	44.2817
NS.1794.002.UDP0174_i7---UDP0174_i5.4X_23	77703	76293.4	104207	0.0505	NAFO_4X	44.2817
NS.1794.002.UDP0175_i7---UDP0175_i5.4X_24	79436	78900.2	107611	0.01866	NAFO_4X	44.2817
NS.1794.002.UDP0176_i7---UDP0176_i5.4X_25	83134	84128.4	114594	-0.03264	NAFO_4X	44.2817
NS.1794.002.UDP0177_i7---UDP0177_i5.4X_26	85459	87781.5	119477	-0.07328	NAFO_4X	44.2817
NS.1794.002.UDP0178_i7---UDP0178_i5.4X_27	71842	68978.2	94342	0.11291	NAFO_4X	44.2817
NS.1794.002.UDP0179_i7---UDP0179_i5.4X_28	81792	81658.1	111304	0.00452	NAFO_4X	44.2817
NS.1794.002.UDP0180_i7---UDP0180_i5.4X_29	86606	90398.9	122949	-0.11653	NAFO_4X	44.2817
NS.1794.002.UDP0181_i7---UDP0181_i5.4X_30	84805	86166.7	117320	-0.04371	NAFO_4X	44.2817
NS.1794.002.UDP0182_i7---UDP0182_i5.4X_31	82919	83088.3	113180	-0.00563	NAFO_4X	44.2817
NS.1794.002.UDP0183_i7---UDP0183_i5.4X_32	82915	83224.2	113407	-0.01024	NAFO_4X	44.2817
NS.1794.002.UDP0184_i7---UDP0184_i5.4X_33	80228	79228	108069	0.03467	NAFO_4X	44.2817
NS.1794.002.UDP0185_i7---UDP0185_i5.4X_34	87558	91068.1	123847	-0.10708	NAFO_4X	44.2817
NS.1794.002.UDP0186_i7---UDP0186_i5.4X_35	83814	84709.6	115358	-0.02922	NAFO_4X	44.2817
NS.1781.004.UDP0167_i7---UDP0167_i5.10A_1	87155	95562.8	129734	-0.24605	NL_10A	
NS.1781.004.UDP0168_i7---UDP0168_i5.10A_2	88122	94424.8	128283	-0.18615	NL_10A	
NS.1781.004.UDP0169_i7---UDP0169_i5.10A_3	85880	87611.8	119216	-0.0548	NL_10A	
NS.1781.004.UDP0170_i7---UDP0170_i5.10A_4	86944	92944.9	126327	-0.17976	NL_10A	
NS.1781.004.UDP0171_i7---UDP0171_i5.10A_5	87736	93443.5	126949	-0.17035	NL_10A	
NS.1781.004.UDP0172_i7---UDP0172_i5.10A_6	86228	90099.9	122528	-0.1194	NL_10A	
NS.1781.004.UDP0173_i7---UDP0173_i5.10A_7	85093	97034.1	131728	-0.34418	NL_10A	
NS.1781.004.UDP0174_i7---UDP0174_i5.10A_8	85893	91126.8	123883	-0.15978	NL_10A	
NS.1781.004.UDP0175_i7---UDP0175_i5.10A_9	87198	97338.2	132134	-0.29142	NL_10A	
NS.1781.004.UDP0176_i7---UDP0176_i5.10A_10	87419	94022.8	127745	-0.19583	NL_10A	
NS.1781.004.UDP0177_i7---UDP0177_i5.10A_11	69572	66713.4	91384	0.11587	NL_10A	
NS.1781.004.UDP0178_i7---UDP0178_i5.10A_12	80786	80518.4	109767	0.00915	NL_10A	
NS.1781.004.UDP0179_i7---UDP0179_i5.10A_13	87710	92477.3	125668	-0.14364	NL_10A	
NS.1781.004.UDP0180_i7---UDP0180_i5.10A_14	84437	86098.7	117187	-0.05345	NL_10A	
NS.1781.004.UDP0181_i7---UDP0181_i5.10A_15	87833	96194	130601	-0.243	NL_10A	
NS.1781.004.UDP0182_i7---UDP0182_i5.10A_16	87995	96272.2	130693	-0.24047	NL_10A	
NS.1781.004.UDP0183_i7---UDP0183_i5.10A_17	86463	93479.1	127054	-0.20897	NL_10A	
NS.1781.004.UDP0184_i7---UDP0184_i5.10A_18	87599	95075.9	129127	-0.21958	NL_10A	
NS.1781.004.UDP0185_i7---UDP0185_i5.10A_19	86721	89708.1	122011	-0.09247	NL_10A	
NS.1781.004.UDP0186_i7---UDP0186_i5.10A_20	87193	90112.2	122581	-0.08991	NL_10A	
NS.1781.004.UDP0187_i7---UDP0187_i5.10A_21	84697	87898.7	119615	-0.10095	NL_10A	
NS.1781.004.UDP0189_i7---UDP0189_i5.10A_23	87819	91806.6	124816	-0.1208	NL_10A	
NS.1781.004.UDP0190_i7---UDP0190_i5.10A_24	86889	90379.7	122922	-0.10727	NL_10A	
NS.1781.004.UDP0191_i7---UDP0191_i5.10A_25	87678	93922.2	127610	-0.18536	NL_10A	
NS.1789.002.UDP0097_i7---UDP0097_i5.10A_26	87929	93306.1	126760	-0.16073	NL_10A	
NS.1789.002.UDP0098_i7---UDP0098_i5.10A_27	87923	96358.6	130812	-0.24484	NL_10A	
NS.1789.002.UDP0099_i7---UDP0099_i5.10A_28	86850	90880.9	123554	-0.12337	NL_10A	
NS.1789.002.UDP0100_i7---UDP0100_i5.10A_29	86441	88585.2	120493	-0.0672	NL_10A	
NS.1789.002.UDP0101_i7---UDP0101_i5.10A_30	83819	96133.3	130514	-0.35818	NL_10A	
NS.1789.002.UDP0102_i7---UDP0102_i5.10A_31	87411	91262.7	124069	-0.11741	NL_10A	
NS.1789.002.UDP0103_i7---UDP0103_i5.10A_32	88284	95495.7	129671	-0.21102	NL_10A	
NS.1789.002.UDP0104_i7---UDP0104_i5.10A_33	87541	94188.9	127947	-0.19693	NL_10A	
NS.1789.002.UDP0105_i7---UDP0105_i5.10A_34	84933	86609	117838	-0.05367	NL_10A	
NS.1789.002.UDP0106_i7---UDP0106_i5.10A_35	85929	91302.9	124138	-0.16366	NL_10A	
NS.1781.002.UDP0193_i7---UDP0193_i5.10B1	85467	98043.9	133052	-0.35926	NL_10B	
NS.1781.002.UDP0194_i7---UDP0194_i5.10B2	87869	95985.5	130322	-0.23638	NL_10B	
NS.1781.002.UDP0195_i7---UDP0195_i5.10B3	86125	97266.5	132022	-0.32057	NL_10B	
NS.1781.002.UDP0196_i7---UDP0196_i5.10B4	86970	95446.3	129611	-0.2481	NL_10B	
NS.1781.002.UDP0198_i7---UDP0198_i5.10B6	86290	90634.3	123234	-0.13326	NL_10B	
NS.1781.002.UDP0199_i7---UDP0199_i5.10B7	86884	90478.2	123032	-0.11041	NL_10B	
NS.1781.002.UDP0201_i7---UDP0201_i5.10B10	84730	98214	133274	-0.3846	NL_10B	
NS.1781.002.UDP0202_i7---UDP0202_i5.10B11	87293	94048.9	127776	-0.20031	NL_10B	
NS.1781.002.UDP0203_i7---UDP0203_i5.10B12	87102	96575.1	131095	-0.27443	NL_10B	
NS.1781.002.UDP0204_i7---UDP0204_i5.10B13	87102	96710.4	131270	-0.27802	NL_10B	
NS.1781.002.UDP0205_i7---UDP0205_i5.10B14	87232	92444.5	125642	-0.15702	NL_10B	
NS.1781.002.UDP0206_i7---UDP0206_i5.10B15	86828	93420.1	126946	-0.19663	NL_10B	
NS.1781.002.UDP0207_i7---UDP0207_i5.10B41	87383	94868.6	128882	-0.22008	NL_10B	
NS.1781.002.UDP0209_i7---UDP0209_i5.10B17	87236	96751.5	131347	-0.27505	NL_10B	
NS.1781.002.UDP0210_i7---UDP0210_i5.10B18	86811	91234.4	123973	-0.13511	NL_10B	
NS.1781.002.UDP0211_i7---UDP0211_i5.10B19	86757	90253.4	122707	-0.10774	NL_10B	
NS.1781.002.UDP0212_i7---UDP0212_i5.10B20	87731	95997.7	130323	-0.24083	NL_10B	
NS.1781.002.UDP0213_i7---UDP0213_i5.10B21	86196	89376.1	121533	-0.09889	NL_10B	
NS.1781.002.UDP0214_i7---UDP0214_i5.10B22	87846	92557	125769	-0.14185	NL_10B	
NS.1781.002.UDP0215_i7---UDP0215_i5.10B42	87829	93029.6	126452	-0.1556	NL_10B	
NS.1781.002.UDP0217_i7---UDP0217_i5.10B25	87642	95756.1	130012	-0.23687	NL_10B	
NS.1781.002.UDP0218_i7---UDP0218_i5.10B26	86656	97771.8	132677	-0.31846	NL_10B	
NS.1781.002.UDP0219_i7---UDP0219_i5.10B27	87151	92467.1	125658	-0.16017	NL_10B	
NS.1781.002.UDP0220_i7---UDP0220_i5.10B28	88435	94494.1	128309	-0.17919	NL_10B	
NS.1781.002.UDP0221_i7---UDP0221_i5.10B29	84047	85831.5	116822	-0.05758	NL_10B	
NS.1781.002.UDP0222_i7---UDP0222_i5.10B30	86603	88431.6	120308	-0.05737	NL_10B	
NS.1781.002.UDP0223_i7---UDP0223_i5.10B31	87364	90493.7	123035	-0.09618	NL_10B	
NS.1781.002.UDP0225_i7---UDP0225_i5.10B33	86846	90114.4	122501	-0.10092	NL_10B	
NS.1781.002.UDP0226_i7---UDP0226_i5.10B34	87705	94381.3	128166	-0.19761	NL_10B	
NS.1781.002.UDP0227_i7---UDP0227_i5.10B35	87840	94826.9	128774	-0.20582	NL_10B	
NS.1781.002.UDP0228_i7---UDP0228_i5.10B36	87947	95563.9	129760	-0.22274	NL_10B	
NS.1781.002.UDP0229_i7---UDP0229_i5.10B37	86337	89153.2	121255	-0.08773	NL_10B	
NS.1781.002.UDP0230_i7---UDP0230_i5.10B38	71557	69606	95234	0.07613	NL_10B	
NS.1781.002.UDP0231_i7---UDP0231_i5.10B39	85795	88826	120866	-0.0946	NL_10B	
NS.1781.001.UDP0193_i7---UDP0193_i5.3B49	87194	91746.1	124752	-0.13792	NL_3B	
NS.1781.001.UDP0194_i7---UDP0194_i5.3B50	86939	90059.9	122454	-0.09634	NL_3B	
NS.1781.001.UDP0195_i7---UDP0195_i5.3B51	82477	82330	112183	0.00492	NL_3B	
NS.1781.001.UDP0196_i7---UDP0196_i5.3B52	87276	93016.7	126359	-0.17217	NL_3B	
NS.1781.001.UDP0197_i7---UDP0197_i5.3B53	88616	94343.2	128170	-0.16931	NL_3B	
NS.1781.001.UDP0198_i7---UDP0198_i5.3B54	88121	90762.6	123442	-0.08083	NL_3B	
NS.1781.001.UDP0199_i7---UDP0199_i5.3B55	84735	85504.9	116401	-0.02492	NL_3B	
NS.1781.001.UDP0200_i7---UDP0200_i5.3B56	79110	77717.6	106036	0.04917	NL_3B	
NS.1781.001.UDP0202_i7---UDP0202_i5.3B58	87116	93371	126840	-0.18689	NL_3B	
NS.1781.001.UDP0203_i7---UDP0203_i5.3B59	87895	93781.8	127406	-0.17508	NL_3B	
NS.1781.001.UDP0204_i7---UDP0204_i5.3B60	87762	92457.6	125662	-0.14141	NL_3B	
NS.1781.001.UDP0205_i7---UDP0205_i5.3B61	87820	93690	127294	-0.17468	NL_3B	
NS.1781.001.UDP0206_i7---UDP0206_i5.3B62	88278	93333.1	126842	-0.15086	NL_3B	
NS.1781.001.UDP0207_i7---UDP0207_i5.3B63	87551	90667.9	123354	-0.09536	NL_3B	
NS.1781.001.UDP0208_i7---UDP0208_i5.3B64	86805	91352.3	124211	-0.13839	NL_3B	
NS.1781.001.UDP0209_i7---UDP0209_i5.3B65	87721	93485.4	127007	-0.17196	NL_3B	
NS.1781.001.UDP0210_i7---UDP0210_i5.3B66	83481	83776.9	114148	-0.00974	NL_3B	
NS.1781.001.UDP0211_i7---UDP0211_i5.3B67	88060	93851.3	127496	-0.17213	NL_3B	
NS.1781.001.UDP0212_i7---UDP0212_i5.3B68	87335	97212.4	131943	-0.2844	NL_3B	
NS.1781.001.UDP0213_i7---UDP0213_i5.3B69	87887	96911.3	131561	-0.26044	NL_3B	
NS.1781.001.UDP0214_i7---UDP0214_i5.3B70	88179	93608.2	127169	-0.16177	NL_3B	
NS.1781.001.UDP0215_i7---UDP0215_i5.3B71	87767	96240.9	130678	-0.24607	NL_3B	
NS.1781.001.UDP0216_i7---UDP0216_i5.3B72	87185	95573.1	129785	-0.24518	NL_3B	
NS.1781.001.UDP0217_i7---UDP0217_i5.3B73	88155	93904.4	127589	-0.17068	NL_3B	
NS.1781.001.UDP0218_i7---UDP0218_i5.3B74	88314	95239	129357	-0.20297	NL_3B	
NS.1781.001.UDP0219_i7---UDP0219_i5.3B75	86774	96086.7	130471	-0.27084	NL_3B	
NS.1781.001.UDP0220_i7---UDP0220_i5.3B76	88120	95689.4	129958	-0.22088	NL_3B	
NS.1781.001.UDP0221_i7---UDP0221_i5.3B77	87777	93712.6	127333	-0.17655	NL_3B	
NS.1781.001.UDP0222_i7---UDP0222_i5.3B78	88173	92354.4	125544	-0.12598	NL_3B	
NS.1781.001.UDP0223_i7---UDP0223_i5.3B79	87141	90899.1	123579	-0.115	NL_3B	
NS.1781.001.UDP0224_i7---UDP0224_i5.3B80	88270	93754.6	127389	-0.16307	NL_3B	
NS.1781.001.UDP0225_i7---UDP0225_i5.3B81	86951	92897.3	126256	-0.17825	NL_3B	
NS.1781.001.UDP0226_i7---UDP0226_i5.3B82	87661	93042.3	126413	-0.16126	NL_3B	
NS.1781.001.UDP0227_i7---UDP0227_i5.3B83	87421	92558.5	125764	-0.15472	NL_3B	
NS.1781.004.UDP0132_i7---UDP0132_i5.3D_1	81788	82632	112587	-0.02818	NL_3D	
NS.1781.004.UDP0133_i7---UDP0133_i5.3D_2	86953	92186.3	125291	-0.15808	NL_3D	
NS.1781.004.UDP0134_i7---UDP0134_i5.3D_3	85512	88646.7	120586	-0.09815	NL_3D	
NS.1781.004.UDP0135_i7---UDP0135_i5.3D_4	87354	94492.1	128342	-0.21088	NL_3D	
NS.1781.004.UDP0136_i7---UDP0136_i5.3D_5	86971	93461.5	127021	-0.1934	NL_3D	
NS.1781.004.UDP0137_i7---UDP0137_i5.3D_6	86099	87812	119433	-0.05417	NL_3D	
NS.1781.004.UDP0138_i7---UDP0138_i5.3D_7	86933	93169.6	126584	-0.18665	NL_3D	
NS.1781.004.UDP0139_i7---UDP0139_i5.3D_8	84013	85536.4	116444	-0.04929	NL_3D	
NS.1781.004.UDP0140_i7---UDP0140_i5.3D_9	86421	92662.7	125908	-0.18775	NL_3D	
NS.1781.004.UDP0141_i7---UDP0141_i5.3D_10	87137	96451.3	130936	-0.2701	NL_3D	
NS.1781.004.UDP0142_i7---UDP0142_i5.3D_11	80493	80607.1	109853	-0.0039	NL_3D	
NS.1781.004.UDP0143_i7---UDP0143_i5.3D_12	86250	91994.4	125058	-0.17374	NL_3D	
NS.1781.004.UDP0144_i7---UDP0144_i5.3D_13	86537	95334.4	129483	-0.25762	NL_3D	
NS.1781.004.UDP0145_i7---UDP0145_i5.3D_14	86354	90021.5	122422	-0.11319	NL_3D	
NS.1781.004.UDP0146_i7---UDP0146_i5.3D_15	83563	97266.1	132050	-0.39395	NL_3D	
NS.1781.004.UDP0147_i7---UDP0147_i5.3D_16	86693	93171.8	126584	-0.19391	NL_3D	
NS.1781.004.UDP0148_i7---UDP0148_i5.3D_17	87458	93495.8	127038	-0.18	NL_3D	
NS.1781.004.UDP0149_i7---UDP0149_i5.3D_18	83034	98282.5	133361	-0.4347	NL_3D	
NS.1781.004.UDP0150_i7---UDP0150_i5.3D_19	86809	96610.7	131187	-0.28348	NL_3D	
NS.1781.004.UDP0151_i7---UDP0151_i5.3D_20	82283	97488.9	132322	-0.43654	NL_3D	
NS.1781.004.UDP0152_i7---UDP0152_i5.3D_21	82700	97879.6	132832	-0.43429	NL_3D	
NS.1781.004.UDP0153_i7---UDP0153_i5.3D_22	69636	67251.8	91954	0.09652	NL_3D	
NS.1781.004.UDP0154_i7---UDP0154_i5.3D_23	84781	88261.9	120063	-0.10946	NL_3D	
NS.1781.004.UDP0155_i7---UDP0155_i5.3D_24	86917	95338.4	129472	-0.24672	NL_3D	
NS.1781.004.UDP0156_i7---UDP0156_i5.3D_25	84480	87148.7	118604	-0.08484	NL_3D	
NS.1781.004.UDP0157_i7---UDP0157_i5.3D_26	84429	97599.3	132471	-0.37768	NL_3D	
NS.1781.004.UDP0158_i7---UDP0158_i5.3D_27	87821	94645.6	128541	-0.20134	NL_3D	
NS.1781.004.UDP0159_i7---UDP0159_i5.3D_28	87018	96556.1	131087	-0.27622	NL_3D	
NS.1781.004.UDP0160_i7---UDP0160_i5.3D_29	86417	97183.8	131909	-0.31006	NL_3D	
NS.1781.004.UDP0161_i7---UDP0161_i5.3D_30	85328	87358.1	118886	-0.06439	NL_3D	
NS.1781.004.UDP0162_i7---UDP0162_i5.3D_31	86460	90922.9	123632	-0.13644	NL_3D	
NS.1781.004.UDP0163_i7---UDP0163_i5.3D_32	86626	90418.5	122936	-0.11663	NL_3D	
NS.1781.004.UDP0164_i7---UDP0164_i5.3D_33	84737	86908	118320	-0.06911	NL_3D	
NS.1781.004.UDP0165_i7---UDP0165_i5.3D_34	87816	95073.4	129144	-0.21301	NL_3D	
NS.1781.004.UDP0166_i7---UDP0166_i5.3D_35	82972	97291.8	132070	-0.41175	NL_3D	
NS.1781.003.UDP0278_i7---UDP0278_i5.3N_1	87315	91566	124513	-0.12903	NL_3N200	
NS.1781.003.UDP0279_i7---UDP0279_i5.3N_2	88187	95506.1	129703	-0.21403	NL_3N200	
NS.1781.003.UDP0280_i7---UDP0280_i5.3N_3	86683	88587.7	120521	-0.05965	NL_3N200	
NS.1781.003.UDP0281_i7---UDP0281_i5.3N_9	88567	92510.7	125752	-0.11864	NL_3N200	
NS.1781.003.UDP0282_i7---UDP0282_i5.3N_10	75045	72125.2	98562	0.11044	NL_3N200	
NS.1781.003.UDP0283_i7---UDP0283_i5.3N_11	86790	88651.5	120664	-0.05815	NL_3N200	
NS.1781.003.UDP0284_i7---UDP0284_i5.3N_12	87911	94032	127782	-0.18136	NL_3N200	
NS.1781.003.UDP0285_i7---UDP0285_i5.3N_13	87617	91540	124454	-0.11919	NL_3N200	
NS.1781.003.UDP0286_i7---UDP0286_i5.3N_14	87797	95321.9	129467	-0.22038	NL_3N200	
NS.1781.003.UDP0287_i7---UDP0287_i5.3N_15	88235	92800.3	126160	-0.13685	NL_3N200	
NS.1792.004.UDP0289_i7---UDP0289_i5.3N_17	88386	93439.9	126969	-0.15073	NL_3N200	
NS.1792.004.UDP0290_i7---UDP0290_i5.3N_18	87936	94321.4	128148	-0.18877	NL_3N200	
NS.1792.004.UDP0291_i7---UDP0291_i5.3N_19	87916	95521.3	129738	-0.22227	NL_3N200	
NS.1792.004.UDP0292_i7---UDP0292_i5.3N_20	88535	95129.2	129190	-0.1936	NL_3N200	
NS.1792.004.UDP0294_i7---UDP0294_i5.3N_22	88290	95247.2	129375	-0.20386	NL_3N200	
NS.1792.004.UDP0295_i7---UDP0295_i5.3N_23	87781	97142.5	131863	-0.26963	NL_3N200	
NS.1792.004.UDP0296_i7---UDP0296_i5.3N_24	89071	93125.3	126523	-0.12139	NL_3N200	
NS.1792.004.UDP0297_i7---UDP0297_i5.3N_25	88027	92755.7	126024	-0.14214	NL_3N200	
NS.1792.004.UDP0298_i7---UDP0298_i5.3N_26	87489	90445.5	122986	-0.09086	NL_3N200	
NS.1792.004.UDP0299_i7---UDP0299_i5.3N_27	88090	92984.9	126377	-0.14659	NL_3N200	
NS.1792.004.UDP0301_i7---UDP0301_i5.3N_29	84792	85694.2	116640	-0.02915	NL_3N200	
NS.1792.004.UDP0302_i7---UDP0302_i5.3N_30	87551	88957.2	121042	-0.04383	NL_3N200	
NS.1792.004.UDP0303_i7---UDP0303_i5.3N_31	82491	82196.4	112055	0.00987	NL_3N200	
NS.1792.004.UDP0304_i7---UDP0304_i5.3N_32	86903	90100.5	122528	-0.09861	NL_3N200	
NS.1792.004.UDP0305_i7---UDP0305_i5.3N33	82630	81587.8	111192	0.0352	NL_3N200	
NS.1781.002.UDP0233_i7---UDP0233_i5.4_1	88812	93919.5	127585	-0.15171	NL_4	
NS.1781.002.UDP0234_i7---UDP0234_i5.4_2	87754	91591.4	124507	-0.11658	NL_4	
NS.1781.002.UDP0235_i7---UDP0235_i5.4_3	88450	92747.4	126022	-0.12915	NL_4	
NS.1781.002.UDP0236_i7---UDP0236_i5.4_4	87945	91344.4	124190	-0.1035	NL_4	
NS.1781.002.UDP0237_i7---UDP0237_i5.4_5	88303	92892.9	126238	-0.13765	NL_4	
NS.1781.002.UDP0238_i7---UDP0238_i5.4_6	88731	94723	128668	-0.17652	NL_4	
NS.1781.002.UDP0239_i7---UDP0239_i5.4_7	88073	93522.8	127068	-0.16246	NL_4	
NS.1781.002.UDP0241_i7---UDP0241_i5.4_9	88620	95830.2	130124	-0.21025	NL_4	
NS.1781.002.UDP0242_i7---UDP0242_i5.4_10	87618	96308.8	130754	-0.25231	NL_4	
NS.1781.002.UDP0243_i7---UDP0243_i5.4_11	86724	97197.6	131936	-0.3015	NL_4	
NS.1781.002.UDP0244_i7---UDP0244_i5.4_12	88248	94556.8	128436	-0.18622	NL_4	
NS.1781.002.UDP0245_i7---UDP0245_i5.4_13	88759	94197.8	127990	-0.16095	NL_4	
NS.1781.002.UDP0246_i7---UDP0246_i5.4_14	87799	96032.5	130409	-0.23951	NL_4	
NS.1781.002.UDP0247_i7---UDP0247_i5.4_15	87452	97165.9	131866	-0.27994	NL_4	
NS.1781.002.UDP0249_i7---UDP0249_i5.4_17	88287	96072.7	130468	-0.22636	NL_4	
NS.1781.002.UDP0250_i7---UDP0250_i5.4_18	87823	97108.2	131824	-0.26746	NL_4	
NS.1781.002.UDP0251_i7---UDP0251_i5.4_19	86341	97710.4	132607	-0.3258	NL_4	
NS.1781.002.UDP0252_i7---UDP0252_i5.4_20	85210	86532.4	117800	-0.04229	NL_4	
NS.1781.002.UDP0253_i7---UDP0253_i5.4_21	87800	91358.8	124213	-0.10832	NL_4	
NS.1781.002.UDP0254_i7---UDP0254_i5.4_22	87866	96582.5	131114	-0.25242	NL_4	
NS.1781.002.UDP0255_i7---UDP0255_i5.4_23	88114	93249.8	126713	-0.15348	NL_4	
NS.1781.002.UDP0257_i7---UDP0257_i5.4_25	88674	94570.8	128470	-0.17395	NL_4	
NS.1781.002.UDP0258_i7---UDP0258_i5.4_26	86362	95054.1	129099	-0.25531	NL_4	
NS.1781.002.UDP0259_i7---UDP0259_i5.4_27	87910	96455.4	130931	-0.24787	NL_4	
NS.1781.002.UDP0260_i7---UDP0260_i5.4_28	87522	90090.4	122481	-0.07929	NL_4	
NS.1781.002.UDP0261_i7---UDP0261_i5.4_29	85580	87135	118568	-0.04947	NL_4	
NS.1781.002.UDP0262_i7---UDP0262_i5.4_30	88805	95296.7	129423	-0.19022	NL_4	
NS.1781.002.UDP0263_i7---UDP0263_i5.4_31	87706	95604.3	129845	-0.23067	NL_4	
NS.1781.002.UDP0265_i7---UDP0265_i5.4_33	86204	87872.6	119604	-0.05259	NL_4	
NS.1781.002.UDP0267_i7---UDP0267_i5.4_35	88947	95195.9	129269	-0.1834	NL_4	
NS.1781.002.UDP0268_i7---UDP0268_i5.4_36	86734	89709.4	122027	-0.09207	NL_4	
NS.1781.002.UDP0269_i7---UDP0269_i5.4_37	74748	73119.6	99792	0.06105	NL_4	
NS.1781.002.UDP0270_i7---UDP0270_i5.4_38	88018	92725.4	126007	-0.14144	NL_4	
NS.1781.002.UDP0271_i7---UDP0271_i5.4_39	87790	91636.3	124580	-0.11675	NL_4	
NS.1781.003.UDP0193_i7---UDP0193_i5.5A1	84276	84362.7	114872	-0.00284	NL_5A	
NS.1781.003.UDP0194_i7---UDP0194_i5.5A2	87416	91700.1	124633	-0.13009	NL_5A	
NS.1781.003.UDP0195_i7---UDP0195_i5.5A3	87385	91655.1	124583	-0.12968	NL_5A	
NS.1781.003.UDP0196_i7---UDP0196_i5.5A4	87386	93109.8	126505	-0.1714	NL_5A	
NS.1781.003.UDP0197_i7---UDP0197_i5.5A5	88099	94146.1	127897	-0.17917	NL_5A	
NS.1781.003.UDP0198_i7---UDP0198_i5.5A6	86886	93471.7	126994	-0.19646	NL_5A	
NS.1781.003.UDP0199_i7---UDP0199_i5.5A7	86828	90741.6	123392	-0.11986	NL_5A	
NS.1781.003.UDP0200_i7---UDP0200_i5.5A8	88383	94669.3	128584	-0.18536	NL_5A	
NS.1781.003.UDP0201_i7---UDP0201_i5.5A9	83107	83392.3	113601	-0.00944	NL_5A	
NS.1781.003.UDP0202_i7---UDP0202_i5.5A10	87970	95322.2	129436	-0.21552	NL_5A	
NS.1781.003.UDP0203_i7---UDP0203_i5.5A11	88176	95282.7	129396	-0.20833	NL_5A	
NS.1781.003.UDP0204_i7---UDP0204_i5.5A12	88258	94867.4	128840	-0.19455	NL_5A	
NS.1781.003.UDP0205_i7---UDP0205_i5.5A13	88130	94852.6	128832	-0.19784	NL_5A	
NS.1781.003.UDP0206_i7---UDP0206_i5.5A14	88592	94546.8	128428	-0.17576	NL_5A	
NS.1781.003.UDP0207_i7---UDP0207_i5.5A15	87271	96158.5	130544	-0.25847	NL_5A	
NS.1781.003.UDP0208_i7---UDP0208_i5.5A16	87234	96043	130390	-0.25647	NL_5A	
NS.1781.003.UDP0209_i7---UDP0209_i5.5A48	83197	83190.3	113287	0.00022	NL_5A	
NS.1781.003.UDP0210_i7---UDP0210_i5.5A18	88240	92458.5	125659	-0.12706	NL_5A	
NS.1781.003.UDP0211_i7---UDP0211_i5.5A19	86990	89930.6	122298	-0.09085	NL_5A	
NS.1781.003.UDP0212_i7---UDP0212_i5.5A20	87300	97459.9	132278	-0.2918	NL_5A	
NS.1781.003.UDP0213_i7---UDP0213_i5.5A21	87608	95764.5	130014	-0.23815	NL_5A	
NS.1781.003.UDP0215_i7---UDP0215_i5.5A23	87313	97413.9	132213	-0.29026	NL_5A	
NS.1781.003.UDP0216_i7---UDP0216_i5.5A24	88032	96221.5	130641	-0.23793	NL_5A	
NS.1781.003.UDP0217_i7---UDP0217_i5.5A25	80613	79331.5	108186	0.04441	NL_5A	
NS.1781.003.UDP0219_i7---UDP0219_i5.5A27	87960	95483.9	129694	-0.21993	NL_5A	
NS.1781.003.UDP0220_i7---UDP0220_i5.5A28	87876	95914.2	130248	-0.23412	NL_5A	
NS.1781.003.UDP0221_i7---UDP0221_i5.5A29	87592	92992.5	126373	-0.16178	NL_5A	
NS.1781.003.UDP0222_i7---UDP0222_i5.5A30	87506	95056.2	129092	-0.22183	NL_5A	
NS.1781.003.UDP0223_i7---UDP0223_i5.5A31	86117	89424.3	121629	-0.1027	NL_5A	
NS.1781.003.UDP0224_i7---UDP0224_i5.5A32	88465	94850.1	128810	-0.18802	NL_5A	
NS.1781.003.UDP0225_i7---UDP0225_i5.5A34	80942	80308.7	109522	0.02168	NL_5A	
NS.1781.003.UDP0226_i7---UDP0226_i5.5A35	87224	90620.6	123222	-0.10419	NL_5A	
NS.1781.003.UDP0227_i7---UDP0227_i5.5A36	86830	90256.6	122760	-0.10542	NL_5A	
NS.1781.001.UDP0228_i7---UDP0228_i5.6B1	87898	96036.7	130372	-0.23703	NL_6B	
NS.1781.001.UDP0229_i7---UDP0229_i5.6B2	87422	94624.3	128490	-0.21267	NL_6B	
NS.1781.001.UDP0230_i7---UDP0230_i5.6B3	88489	94091.3	127803	-0.16618	NL_6B	
NS.1781.001.UDP0231_i7---UDP0231_i5.6B30	86872	92880.2	126198	-0.18033	NL_6B	
NS.1781.001.UDP0232_i7---UDP0232_i5.6B5	87695	94296.2	128093	-0.19532	NL_6B	
NS.1781.001.UDP0233_i7---UDP0233_i5.6B17	87644	94659.5	128532	-0.20711	NL_6B	
NS.1781.001.UDP0234_i7---UDP0234_i5.6B18	87388	92246.6	125368	-0.14669	NL_6B	
NS.1781.001.UDP0235_i7---UDP0235_i5.6B19	86521	97036.6	131731	-0.30309	NL_6B	
NS.1781.001.UDP0236_i7---UDP0236_i5.6B20	87138	93705.5	127276	-0.19563	NL_6B	
NS.1781.001.UDP0237_i7---UDP0237_i5.6B21	87695	95563	129741	-0.23021	NL_6B	
NS.1781.001.UDP0238_i7---UDP0238_i5.6B22	87398	93346.8	126825	-0.17769	NL_6B	
NS.1781.001.UDP0239_i7---UDP0239_i5.6B23	87681	94085.5	127785	-0.19005	NL_6B	
NS.1781.001.UDP0240_i7---UDP0240_i5.6B24	87391	94822	128752	-0.21901	NL_6B	
NS.1781.001.UDP0241_i7---UDP0241_i5.6B11	88840	95010.2	129055	-0.18124	NL_6B	
NS.1781.001.UDP0242_i7---UDP0242_i5.6B28	86591	95316.7	129454	-0.25561	NL_6B	
NS.1781.001.UDP0243_i7---UDP0243_i5.6B29	86833	95286.8	129418	-0.24768	NL_6B	
NS.1781.001.UDP0244_i7---UDP0244_i5.6B15	86268	94234.5	127956	-0.23624	NL_6B	
NS.1781.001.UDP0245_i7---UDP0245_i5.6B31	87311	96770.1	131376	-0.27334	NL_6B	
NS.1781.001.UDP0246_i7---UDP0246_i5.6B32	87731	95866.2	130164	-0.23719	NL_6B	
NS.1781.001.UDP0247_i7---UDP0247_i5.6B33	87065	92481.5	125663	-0.16324	NL_6B	
NS.1781.001.UDP0248_i7---UDP0248_i5.6B34	87588	95380.3	129500	-0.22838	NL_6B	
NS.1781.001.UDP0249_i7---UDP0249_i5.6B39	84163	84251.9	114828	-0.00291	NL_6B	
NS.1781.001.UDP0250_i7---UDP0250_i5.6B36	84677	86882.8	118314	-0.07018	NL_6B	
NS.1781.001.UDP0251_i7---UDP0251_i5.6B37	88058	94537.7	128400	-0.19136	NL_6B	
NS.1781.001.UDP0252_i7---UDP0252_i5.6B38	86042	88768	120787	-0.08514	NL_6B	
NS.1781.001.UDP0253_i7---UDP0253_i5.6B16	88101	93079.4	126455	-0.14916	NL_6B	
NS.1781.001.UDP0254_i7---UDP0254_i5.6B41	87906	95030.5	129069	-0.20931	NL_6B	
NS.1781.001.UDP0255_i7---UDP0255_i5.6B7	86974	91985.8	125026	-0.15169	NL_6B	
NS.1781.001.UDP0256_i7---UDP0256_i5.6B44	87309	95143.5	129242	-0.22976	NL_6B	
NS.1781.001.UDP0257_i7---UDP0257_i5.6B42	85643	87058	118472	-0.04505	NL_6B	
NS.1781.001.UDP0258_i7---UDP0258_i5.6B46	87166	92354.4	125528	-0.1564	NL_6B	
NS.1781.001.UDP0259_i7---UDP0259_i5.6B47	88697	95462.4	129622	-0.19805	NL_6B	
NS.1781.001.UDP0260_i7---UDP0260_i5.6B48	88572	93486.4	127021	-0.14655	NL_6B	
NS.1781.001.UDP0261_i7---UDP0261_i5.6B9	88032	92152.9	125277	-0.12441	NL_6B	
NS.1781.003.UDP0228_i7---UDP0228_i5.8A41	88124	95294	129426	-0.21007	NL_8A	
NS.1781.003.UDP0229_i7---UDP0229_i5.8A42	88003	94416.6	128260	-0.18951	NL_8A	
NS.1781.003.UDP0230_i7---UDP0230_i5.8A43	88192	94812.7	128777	-0.19493	NL_8A	
NS.1781.003.UDP0231_i7---UDP0231_i5.8A44	88715	95103.4	129156	-0.1876	NL_8A	
NS.1781.003.UDP0233_i7---UDP0233_i5.8A1	88248	94125.3	127850	-0.17427	NL_8A	
NS.1781.003.UDP0234_i7---UDP0234_i5.8A2	88121	92549.2	125792	-0.13321	NL_8A	
NS.1781.003.UDP0235_i7---UDP0235_i5.8A3	87301	96888.5	131535	-0.27673	NL_8A	
NS.1781.003.UDP0236_i7---UDP0236_i5.8A4	87241	91836.4	124836	-0.13926	NL_8A	
NS.1781.003.UDP0238_i7---UDP0238_i5.8A6	84942	86714.8	118006	-0.05666	NL_8A	
NS.1781.003.UDP0239_i7---UDP0239_i5.8A7	87590	93908.7	127571	-0.18771	NL_8A	
NS.1781.003.UDP0240_i7---UDP0240_i5.8A8	87689	95568.7	129790	-0.23026	NL_8A	
NS.1781.003.UDP0241_i7---UDP0241_i5.8A9	83731	84432.1	115005	-0.02293	NL_8A	
NS.1781.003.UDP0242_i7---UDP0242_i5.8A10	88086	95306.2	129434	-0.21156	NL_8A	
NS.1781.003.UDP0243_i7---UDP0243_i5.8A11	88074	94180.8	127942	-0.18088	NL_8A	
NS.1781.003.UDP0244_i7---UDP0244_i5.8A12	79679	77375	105518	0.08187	NL_8A	
NS.1781.003.UDP0245_i7---UDP0245_i5.8A13	87789	95076.9	129139	-0.21396	NL_8A	
NS.1781.003.UDP0246_i7---UDP0246_i5.8A14	86746	96162.1	130566	-0.27369	NL_8A	
NS.1781.003.UDP0247_i7---UDP0247_i5.8A15	86849	95943.8	130293	-0.26477	NL_8A	
NS.1781.003.UDP0248_i7---UDP0248_i5.8A16	88246	94992.9	129082	-0.19792	NL_8A	
NS.1781.003.UDP0249_i7---UDP0249_i5.8A17	82387	82205.3	112016	0.00609	NL_8A	
NS.1781.003.UDP0250_i7---UDP0250_i5.8A18	85688	86610.7	117889	-0.0295	NL_8A	
NS.1781.003.UDP0251_i7---UDP0251_i5.8A19	88022	93578.7	127177	-0.16538	NL_8A	
NS.1781.003.UDP0252_i7---UDP0252_i5.8A20	88224	93492.5	127035	-0.15707	NL_8A	
NS.1781.003.UDP0253_i7---UDP0253_i5.8A21	88552	90630.2	123222	-0.06377	NL_8A	
NS.1781.003.UDP0254_i7---UDP0254_i5.8A22	87377	92161.7	125261	-0.14455	NL_8A	
NS.1781.003.UDP0255_i7---UDP0255_i5.8A23	84040	83949.3	114313	0.00299	NL_8A	
NS.1781.003.UDP0256_i7---UDP0256_i5.8A24	80049	79387.9	108260	0.0229	NL_8A	
NS.1781.003.UDP0258_i7---UDP0258_i5.8A27	88175	94111.7	127849	-0.17597	NL_8A	
NS.1781.003.UDP0259_i7---UDP0259_i5.8A28	86645	97084.9	131767	-0.30102	NL_8A	
NS.1781.003.UDP0260_i7---UDP0260_i5.8A29	87060	90679.3	123317	-0.11089	NL_8A	
NS.1781.003.UDP0261_i7---UDP0261_i5.8A30	82444	82639.6	112624	-0.00652	NL_8A	
NS.1781.003.UDP0262_i7---UDP0262_i5.8A31	88039	95490.3	129653	-0.21811	NL_8A	
NS.1794.004.UDP0102_i7---UDP0102_i5.AW_1	87813	93663	127241	-0.17422	NL_AW	
NS.1794.004.UDP0103_i7---UDP0103_i5.AW_2	84574	94376.9	128221	-0.28965	NL_AW	
NS.1794.004.UDP0104_i7---UDP0104_i5.AW_3	86754	91926.1	124955	-0.15659	NL_AW	
NS.1794.004.UDP0105_i7---UDP0105_i5.AW_4	86019	92245.7	125393	-0.18785	NL_AW	
NS.1794.004.UDP0106_i7---UDP0106_i5.AW_5	87239	94667.1	128603	-0.21889	NL_AW	
NS.1794.004.UDP0107_i7---UDP0107_i5.AW_6	87303	95430	129607	-0.23779	NL_AW	
NS.1794.004.UDP0108_i7---UDP0108_i5.AW_7	88060	93417.5	126941	-0.15981	NL_AW	
NS.1794.004.UDP0109_i7---UDP0109_i5.AW_8	86514	88791	120802	-0.07113	NL_AW	
NS.1794.004.UDP0110_i7---UDP0110_i5.AW_9	87581	95685.7	129934	-0.23665	NL_AW	
NS.1794.004.UDP0111_i7---UDP0111_i5.AW_10	86232	95470.4	129647	-0.27031	NL_AW	
NS.1794.004.UDP0112_i7---UDP0112_i5.AW_11	87836	95390.1	129569	-0.22102	NL_AW	
NS.1794.004.UDP0113_i7---UDP0113_i5.AW_12	85250	85536.3	116449	-0.00926	NL_AW	
NS.1794.004.UDP0114_i7---UDP0114_i5.AW_13	72010	68991.2	94386	0.11887	NL_AW	
NS.1794.004.UDP0115_i7---UDP0115_i5.AW_14	88035	92133.7	125228	-0.12385	NL_AW	
NS.1794.004.UDP0116_i7---UDP0116_i5.AW_15	85506	95917.6	130237	-0.30337	NL_AW	
NS.1794.004.UDP0117_i7---UDP0117_i5.AW_16	88951	93341.5	126831	-0.1311	NL_AW	
NS.1794.004.UDP0118_i7---UDP0118_i5.AW_17	87784	94505.8	128354	-0.19859	NL_AW	
NS.1794.004.UDP0119_i7---UDP0119_i5.AW_18	87917	94687.6	128590	-0.19971	NL_AW	
NS.1794.004.UDP0120_i7---UDP0120_i5.AW_19	87468	92861.1	126175	-0.16189	NL_AW	
NS.1794.004.UDP0121_i7---UDP0121_i5.AW_20	84953	87451	119013	-0.07914	NL_AW	
NS.1794.004.UDP0122_i7---UDP0122_i5.AW_21	86349	94505.6	128360	-0.24093	NL_AW	
NS.1794.004.UDP0123_i7---UDP0123_i5.AW_22	88371	94158.6	127919	-0.17143	NL_AW	
NS.1794.004.UDP0124_i7---UDP0124_i5.AW_23	86392	90558.1	123152	-0.12782	NL_AW	
NS.1794.004.UDP0125_i7---UDP0125_i5.AW_24	86169	89774.8	122022	-0.11182	NL_AW	
NS.1794.004.UDP0126_i7---UDP0126_i5.AW_25	85951	90181.2	122601	-0.13048	NL_AW	
NS.1794.004.UDP0127_i7---UDP0127_i5.AW_26	86765	90705.9	123334	-0.12078	NL_AW	
NS.1794.004.UDP0128_i7---UDP0128_i5.AW_27	87024	91324.7	124164	-0.13096	NL_AW	
NS.1794.004.UDP0129_i7---UDP0129_i5.AW_28	79174	78756.9	107437	0.01454	NL_AW	
NS.1794.004.UDP0130_i7---UDP0130_i5.AW_29	87229	92903.1	126255	-0.17013	NL_AW	
NS.1794.004.UDP0131_i7---UDP0131_i5.AW_30	87091	91377.9	124233	-0.13048	NL_AW	
NS.1794.004.UDP0132_i7---UDP0132_i5.AW_31	86721	93678.4	127285	-0.20703	NL_AW	
NS.1794.004.UDP0133_i7---UDP0133_i5.AW_32	87433	90978	123683	-0.10839	NL_AW	
NS.1794.004.UDP0134_i7---UDP0134_i5.AW_33	85061	86629	117900	-0.05014	NL_AW	
NS.1794.004.UDP0135_i7---UDP0135_i5.AW_34	85580	88438.1	120368	-0.08951	NL_AW	
NS.1794.004.UDP0136_i7---UDP0136_i5.AW_35	76736	75301.3	102800	0.05217	NL_AW	
NS.1794.002.UDP0117_i7---UDP0117_i5.NENS_1	83976	84806.8	115457	-0.02711	Northeast NS	
NS.1794.002.UDP0118_i7---UDP0118_i5.NENS_2	71057	68278.8	93377	0.11069	Northeast NS	
NS.1794.002.UDP0119_i7---UDP0119_i5.NENS_3	87514	93055	126408	-0.16613	Northeast NS	
NS.1794.002.UDP0120_i7---UDP0120_i5.NENS_4	77213	75705.5	103401	0.05443	Northeast NS	
NS.1794.002.UDP0122_i7---UDP0122_i5.NENS_6	84048	87464.4	119006	-0.10831	Northeast NS	
NS.1794.002.UDP0123_i7---UDP0123_i5.NENS_7	80529	80514	109837	0.00051	Northeast NS	
NS.1794.002.UDP0124_i7---UDP0124_i5.NENS_8	87149	90843.1	123530	-0.11302	Northeast NS	
NS.1794.002.UDP0125_i7---UDP0125_i5.NENS_9	76008	73885.6	100970	0.07836	Northeast NS	
NS.1794.002.UDP0127_i7---UDP0127_i5.NENS_11	86199	90151.2	122598	-0.12181	Northeast NS	
NS.1794.002.UDP0128_i7---UDP0128_i5.NENS_12	82645	83129.7	113246	-0.01609	Northeast NS	
NS.1794.002.UDP0131_i7---UDP0131_i5.NENS_15	76428	75066.8	102483	0.04965	Northeast NS	
NS.1794.002.UDP0132_i7---UDP0132_i5.NENS_16	85002	86231.3	117374	-0.03947	Northeast NS	
NS.1794.002.UDP0134_i7---UDP0134_i5.NENS_18	70977	68467.6	93729	0.09934	Northeast NS	
NS.1794.002.UDP0135_i7---UDP0135_i5.NENS_19	83728	84881.3	115582	-0.03756	Northeast NS	
NS.1794.002.UDP0136_i7---UDP0136_i5.NENS_20	83296	84077.2	114489	-0.02569	Northeast NS	
NS.1794.002.UDP0137_i7---UDP0137_i5.NENS_21	78597	77377.7	105573	0.04324	Northeast NS	
NS.1794.002.UDP0140_i7---UDP0140_i5.NENS_24	76597	74891	102279	0.06229	Northeast NS	
NS.1794.002.UDP0141_i7---UDP0141_i5.NENS_25	75093	73081.2	99821	0.07524	Northeast NS	
NS.1794.002.UDP0143_i7---UDP0143_i5.NENS_27	75365	73608.8	100538	0.06522	Northeast NS	
NS.1794.002.UDP0144_i7---UDP0144_i5.NENS_28	72097	69299.8	94736	0.10997	Northeast NS	
NS.1794.002.UDP0146_i7---UDP0146_i5.NENS_30	82396	82358.1	112216	0.00127	Northeast NS	
NS.1794.002.UDP0148_i7---UDP0148_i5.NENS_32	71854	69339.3	94765	0.09891	Northeast NS	
NS.1794.002.UDP0149_i7---UDP0149_i5.NENS_33	83192	83259.6	113433	-0.00224	Northeast NS	
NS.1794.002.UDP0150_i7---UDP0150_i5.NENS_34	74461	72834	99502	0.06101	Northeast NS	
NS.1794.002.UDP0151_i7---UDP0151_i5.NENS_35	83017	84550.3	115151	-0.05011	Northeast NS	
NS.1794.002.UDP0187_i7---UDP0187_i5.NENS_out_1	80907	80754.2	110122	0.0052	Northeast NS	
NS.1794.002.UDP0188_i7---UDP0188_i5.NENS_out_2	88042	93547.1	127098	-0.16408	Northeast NS	
NS.1794.002.UDP0189_i7---UDP0189_i5.NENS_out_3	87278	91577.6	124481	-0.13067	Northeast NS	
NS.1794.002.UDP0190_i7---UDP0190_i5.NENS_out_4	85505	87246.5	118798	-0.0552	Northeast NS	
NS.1794.002.UDP0191_i7---UDP0191_i5.NENS_out_5	86475	89554.9	121819	-0.09546	Northeast NS	
NS.1794.003.UDP0097_i7---UDP0097_i5.NENS_out_6	84547	86417.4	117650	-0.05989	Northeast NS	
NS.1794.003.UDP0098_i7---UDP0098_i5.NENS_out_7	86609	89593.2	121793	-0.09268	Northeast NS	
NS.1794.003.UDP0099_i7---UDP0099_i5.NENS_out_8	85242	87466.4	118968	-0.07061	Northeast NS	
NS.1794.003.UDP0100_i7---UDP0100_i5.NENS_out_9	84196	85429.7	116266	-0.04001	Northeast NS	
NS.1794.003.UDP0101_i7---UDP0101_i5.NENS_out_10	85018	87447.3	118969	-0.07707	Northeast NS	
NS.1794.003.UDP0102_i7---UDP0102_i5.NENS_out_11	84593	86334.9	117527	-0.05584	Northeast NS	
NS.1794.003.UDP0103_i7---UDP0103_i5.NENS_out_12	86421	89922.3	122295	-0.10816	Northeast NS	
NS.1794.003.UDP0104_i7---UDP0104_i5.NENS_out_13	85700	88949.3	120999	-0.10138	Northeast NS	
NS.1794.003.UDP0105_i7---UDP0105_i5.NENS_out_14	86406	90088.4	122520	-0.11355	Northeast NS	
NS.1794.003.UDP0106_i7---UDP0106_i5.NENS_out_15	82089	84082.6	114519	-0.0655	Northeast NS	
NS.1794.003.UDP0107_i7---UDP0107_i5.NENS_out_16	86152	89198.3	121374	-0.09468	Northeast NS	
NS.1794.003.UDP0108_i7---UDP0108_i5.NENS_out_17	84292	85854.6	116827	-0.05045	Northeast NS	
NS.1794.003.UDP0109_i7---UDP0109_i5.NENS_out_18	85321	87846.5	119521	-0.07973	Northeast NS	
NS.1794.003.UDP0110_i7---UDP0110_i5.NENS_out_19	86309	91631.6	124538	-0.16175	Northeast NS	
NS.1794.003.UDP0111_i7---UDP0111_i5.NENS_out_20	86234	88927.4	120983	-0.08402	Northeast NS	
NS.1794.003.UDP0112_i7---UDP0112_i5.NENS_out_21	83881	85286.5	116106	-0.04561	Northeast NS	
NS.1794.003.UDP0113_i7---UDP0113_i5.NENS_out_22	85936	88501.9	120407	-0.08042	Northeast NS	
NS.1794.003.UDP0114_i7---UDP0114_i5.NENS_out_23	76268	75183.3	102624	0.03953	Northeast NS	
NS.1794.003.UDP0115_i7---UDP0115_i5.NENS_out_24	86243	89881.2	122178	-0.11265	Northeast NS	
NS.1794.003.UDP0116_i7---UDP0116_i5.NENS_out_25	81091	81118.3	110590	-0.00093	Northeast NS	
NS.1794.003.UDP0117_i7---UDP0117_i5.NENS_out_26	85206	86998.4	118427	-0.05703	Northeast NS	
NS.1794.003.UDP0118_i7---UDP0118_i5.NENS_out_27	83092	84806.9	115456	-0.05595	Northeast NS	
NS.1794.003.UDP0119_i7---UDP0119_i5.NENS_out_28	83997	85117.3	115926	-0.03636	Northeast NS	
NS.1794.003.UDP0120_i7---UDP0120_i5.NENS_out_29	81516	81586.2	111197	-0.00237	Northeast NS	
NS.1794.003.UDP0121_i7---UDP0121_i5.NENS_out_30	86325	89249.6	121402	-0.09096	Northeast NS	
NS.1794.003.UDP0122_i7---UDP0122_i5.NENS_out_31	85063	88301.1	120166	-0.10162	Northeast NS	
NS.1794.003.UDP0123_i7---UDP0123_i5.NENS_out_32	86952	90675.7	123297	-0.11415	Northeast NS	
NS.1794.003.UDP0124_i7---UDP0124_i5.NENS_out_33	83482	84711	115344	-0.04012	Northeast NS	
NS.1794.003.UDP0125_i7---UDP0125_i5.NENS_out_34	82018	82449.2	112334	-0.01443	Northeast NS	
NS.1794.003.UDP0126_i7---UDP0126_i5.NENS_out_35	84514	85772.1	116768	-0.04059	Northeast NS	
NS.1781.004.UDP0097_i7---UDP0097_i5.CPS_1	82853	82893.6	112932	-0.00135	Offshore NL	
NS.1781.004.UDP0098_i7---UDP0098_i5.CPS_2	87424	92657.4	125908	-0.15739	Offshore NL	
NS.1781.004.UDP0099_i7---UDP0099_i5.CPS_3	84930	86941.6	118338	-0.06407	Offshore NL	
NS.1781.004.UDP0100_i7---UDP0100_i5.CPS_4	81178	81764.3	111432	-0.01976	Offshore NL	
NS.1781.004.UDP0101_i7---UDP0101_i5.CPS_5	87276	96627.1	131197	-0.2705	Offshore NL	
NS.1781.004.UDP0102_i7---UDP0102_i5.CPS_6	86825	96222.8	130654	-0.27294	Offshore NL	
NS.1781.004.UDP0103_i7---UDP0103_i5.CPS_7	87513	93521.5	127055	-0.17918	Offshore NL	
NS.1781.004.UDP0104_i7---UDP0104_i5.CPS_8	87542	97165.8	131878	-0.27725	Offshore NL	
NS.1781.004.UDP0105_i7---UDP0105_i5.CPS_9	83439	84621.5	115251	-0.03861	Offshore NL	
NS.1781.004.UDP0106_i7---UDP0106_i5.CPS_10	87340	92837.6	126119	-0.16519	Offshore NL	
NS.1781.004.UDP0107_i7---UDP0107_i5.CPS_11	86837	90257.7	122728	-0.10535	Offshore NL	
NS.1781.004.UDP0108_i7---UDP0108_i5.CPS_12	85840	87592.5	119224	-0.0554	Offshore NL	
NS.1781.004.UDP0109_i7---UDP0109_i5.CPS_13	87702	94212.7	127973	-0.19285	Offshore NL	
NS.1781.004.UDP0110_i7---UDP0110_i5.CPS_14	85414	93018.3	126377	-0.22796	Offshore NL	
NS.1781.004.UDP0111_i7---UDP0111_i5.CPS_15	87294	95134.5	129236	-0.22992	Offshore NL	
NS.1781.004.UDP0112_i7---UDP0112_i5.CPS_16	86973	94937.7	128959	-0.23411	Offshore NL	
NS.1781.004.UDP0113_i7---UDP0113_i5.CPS_17	88161	93050.2	126418	-0.14652	Offshore NL	
NS.1781.004.UDP0114_i7---UDP0114_i5.CPS_18	87113	89295.2	121430	-0.06791	Offshore NL	
NS.1781.004.UDP0115_i7---UDP0115_i5.CPS_19	88430	93187.8	126623	-0.1423	Offshore NL	
NS.1781.004.UDP0116_i7---UDP0116_i5.CPS_20	88769	92875.5	126207	-0.1232	Offshore NL	
NS.1781.004.UDP0117_i7---UDP0117_i5.CPS_21	88023	96079	130440	-0.23445	Offshore NL	
NS.1781.004.UDP0118_i7---UDP0118_i5.CPS_22	76035	74736	102033	0.04759	Offshore NL	
NS.1781.004.UDP0119_i7---UDP0119_i5.CPS_23	85497	87688.3	119315	-0.06929	Offshore NL	
NS.1781.004.UDP0120_i7---UDP0120_i5.CPS_24	88215	96071.4	130426	-0.22869	Offshore NL	
NS.1781.004.UDP0123_i7---UDP0123_i5.CPS_27	88144	92736.7	126003	-0.13806	Offshore NL	
NS.1781.004.UDP0124_i7---UDP0124_i5.CPS_28	85059	86712.1	118028	-0.05279	Offshore NL	
NS.1781.004.UDP0125_i7---UDP0125_i5.CPS_29	87667	92261.8	125374	-0.13876	Offshore NL	
NS.1781.004.UDP0126_i7---UDP0126_i5.CPS_30	87509	94041.8	127721	-0.19397	Offshore NL	
NS.1781.004.UDP0127_i7---UDP0127_i5.CPS_31	86469	89504.7	121765	-0.0941	Offshore NL	
NS.1781.004.UDP0128_i7---UDP0128_i5.CPS_32	87669	96584.6	131116	-0.25819	Offshore NL	
NS.1781.004.UDP0129_i7---UDP0129_i5.CPS_33	86265	88099.6	119872	-0.05774	Offshore NL	
NS.1781.004.UDP0130_i7---UDP0130_i5.CPS_34	82923	83773.6	114102	-0.02805	Offshore NL	
NS.1781.004.UDP0131_i7---UDP0131_i5.CPS_35	87373	91655.3	124593	-0.13001	Offshore NL	
NS.1780.004.UDP0228_i7---UDP0228_i5.Q001	87417	90866.8	123554	-0.10554	Quebec	
NS.1780.004.UDP0230_i7---UDP0230_i5.Q003	87361	96575.7	131126	-0.26671	Quebec	
NS.1780.004.UDP0231_i7---UDP0231_i5.Q004	86865	97641.4	132522	-0.30895	Quebec	
NS.1780.004.UDP0232_i7---UDP0232_i5.Q005	86781	97776	132684	-0.31497	Quebec	
NS.1780.004.UDP0233_i7---UDP0233_i5.Q009	87862	94754.4	128724	-0.2029	Quebec	
NS.1780.004.UDP0234_i7---UDP0234_i5.Q010	88040	96334.8	130758	-0.24096	Quebec	
NS.1780.004.UDP0235_i7---UDP0235_i5.Q011	86145	97832.8	132765	-0.33459	Quebec	
NS.1780.004.UDP0236_i7---UDP0236_i5.Q012	86982	97246	132002	-0.29532	Quebec	
NS.1780.004.UDP0237_i7---UDP0237_i5.Q013	87285	97054.4	131769	-0.28142	Quebec	
NS.1780.004.UDP0239_i7---UDP0239_i5.Q015	86207	97729.1	132637	-0.33007	Quebec	
NS.1780.004.UDP0240_i7---UDP0240_i5.Q016	87659	95090.1	129136	-0.21827	Quebec	
NS.1780.004.UDP0241_i7---UDP0241_i5.Q017	87742	93415.9	126888	-0.16951	Quebec	
NS.1780.004.UDP0242_i7---UDP0242_i5.Q018	86263	90121.3	122526	-0.11907	Quebec	
NS.1780.004.UDP0243_i7---UDP0243_i5.Q019	87109	93459.1	126995	-0.18935	Quebec	
NS.1780.004.UDP0244_i7---UDP0244_i5.Q020	87785	95939.3	130267	-0.23754	Quebec	
NS.1780.004.UDP0245_i7---UDP0245_i5.Q021	88362	93946.2	127612	-0.16587	Quebec	
NS.1780.004.UDP0246_i7---UDP0246_i5.Q022	88842	95948.5	130292	-0.20692	Quebec	
NS.1780.004.UDP0247_i7---UDP0247_i5.Q023	86977	92339.6	125495	-0.16174	Quebec	
NS.1780.004.UDP0248_i7---UDP0248_i5.Q024	86914	95148.5	129212	-0.24174	Quebec	
NS.1780.004.UDP0249_i7---UDP0249_i5.Q025	87590	91643.3	124546	-0.12319	Quebec	
NS.1780.004.UDP0250_i7---UDP0250_i5.Q026	86229	87985.9	119748	-0.05532	Quebec	
NS.1780.004.UDP0251_i7---UDP0251_i5.Q027	88701	94161.2	127922	-0.16173	Quebec	
NS.1780.004.UDP0252_i7---UDP0252_i5.Q028	87745	91426.5	124241	-0.11219	Quebec	
NS.1780.004.UDP0253_i7---UDP0253_i5.Q029	87968	91463.3	124388	-0.10616	Quebec	
NS.1780.004.UDP0254_i7---UDP0254_i5.Q030	88197	92475.3	125660	-0.12892	Quebec	
NS.1780.004.UDP0255_i7---UDP0255_i5.Q031	86452	89759.1	122076	-0.10233	Quebec	
NS.1780.004.UDP0256_i7---UDP0256_i5.Q032	87826	94710.1	128633	-0.20293	Quebec	
NS.1780.004.UDP0257_i7---UDP0257_i5.Q033	83972	84950.4	115649	-0.03187	Quebec	
NS.1780.004.UDP0258_i7---UDP0258_i5.Q034	84328	85986.1	117025	-0.05342	Quebec	
NS.1780.004.UDP0259_i7---UDP0259_i5.Q035	88463	95282.4	129405	-0.19985	Quebec	
NS.1780.004.UDP0260_i7---UDP0260_i5.Q036	87636	92526	125732	-0.14726	Quebec	
NS.1780.004.UDP0261_i7---UDP0261_i5.Q037	87391	91584.8	124481	-0.12749	Quebec	
NS.1780.004.UDP0262_i7---UDP0262_i5.Q038	87375	91781.5	124734	-0.13372	Quebec	
NS.1789.002.UDP0107_i7---UDP0107_i5.SMB_1	85439	88842.4	120917	-0.10611	St Marys Bay	
NS.1789.002.UDP0108_i7---UDP0108_i5.SMB_2	87977	92355.1	125511	-0.13204	St Marys Bay	
NS.1789.002.UDP0109_i7---UDP0109_i5.SMB_3	86153	88725.2	120683	-0.08049	St Marys Bay	
NS.1789.002.UDP0110_i7---UDP0110_i5.SMB_4	87849	94461.6	128272	-0.19558	St Marys Bay	
NS.1789.002.UDP0111_i7---UDP0111_i5.SMB_5	87804	96127	130522	-0.24198	St Marys Bay	
NS.1789.002.UDP0112_i7---UDP0112_i5.SMB_6	82592	83837.2	114183	-0.04104	St Marys Bay	
NS.1789.002.UDP0113_i7---UDP0113_i5.SMB_7	88215	95842.5	130150	-0.22233	St Marys Bay	
NS.1789.002.UDP0114_i7---UDP0114_i5.SMB_8	88480	95981.7	130324	-0.21844	St Marys Bay	
NS.1789.002.UDP0115_i7---UDP0115_i5.SMB_9	86961	97025.5	131701	-0.29025	St Marys Bay	
NS.1789.002.UDP0117_i7---UDP0117_i5.SMB_11	88678	93759.8	127420	-0.15097	St Marys Bay	
NS.1789.002.UDP0118_i7---UDP0118_i5.SMB_12	87716	93394.8	126881	-0.16959	St Marys Bay	
NS.1789.002.UDP0119_i7---UDP0119_i5.SMB_13	87205	97596.8	132435	-0.29829	St Marys Bay	
NS.1789.002.UDP0120_i7---UDP0120_i5.SMB_14	87952	92874.4	126164	-0.14787	St Marys Bay	
NS.1789.002.UDP0125_i7---UDP0125_i5.SMB_19	86850	94465.5	128287	-0.22517	St Marys Bay	
NS.1789.002.UDP0126_i7---UDP0126_i5.SMB_20	87934	96781	131377	-0.25572	St Marys Bay	
NS.1789.002.UDP0127_i7---UDP0127_i5.SMB_21	85732	97823.4	132750	-0.3462	St Marys Bay	
NS.1789.002.UDP0128_i7---UDP0128_i5.SMB_22	87511	96917	131552	-0.27157	St Marys Bay	
NS.1789.002.UDP0129_i7---UDP0129_i5.SMB_23	86900	89474.5	121674	-0.07996	St Marys Bay	
NS.1789.002.UDP0130_i7---UDP0130_i5.SMB_24	85629	89969.8	122377	-0.13395	St Marys Bay	
NS.1789.002.UDP0132_i7---UDP0132_i5.SMB_26	87377	91956.9	124968	-0.13874	St Marys Bay	
NS.1789.002.UDP0134_i7---UDP0134_i5.SMB_28	87972	90315.9	122795	-0.07217	St Marys Bay	
NS.1789.002.UDP0135_i7---UDP0135_i5.SMB_29	85187	98336.6	133447	-0.37452	St Marys Bay	
NS.1789.002.UDP0136_i7---UDP0136_i5.SMB_30	87901	95536.8	129727	-0.22333	St Marys Bay	
NS.1789.002.UDP0137_i7---UDP0137_i5.SMB_31	89086	93566.6	127096	-0.13363	St Marys Bay	
NS.1789.002.UDP0138_i7---UDP0138_i5.SMB_32	86651	94691.1	128626	-0.23693	St Marys Bay	
NS.1789.002.UDP0140_i7---UDP0140_i5.SMB_34	85908	88750.3	120723	-0.0889	St Marys Bay	
NS.1789.002.UDP0141_i7---UDP0141_i5.SMB_35	88226	95887.8	130211	-0.22322	St Marys Bay	
NS.1792.004.UDP0375_i7---UDP0375_i5.SMB_27	86892	90169.6	122637	-0.10095	St Marys Bay	
NS.1781.001.UDP0265_i7---UDP0265_i5.T17	87326	90634.5	123248	-0.10144	Torngat	
NS.1781.001.UDP0266_i7---UDP0266_i5.T43	87530	92088.1	125244	-0.13748	Torngat	
NS.1781.001.UDP0267_i7---UDP0267_i5.T11	87663	90843.3	123542	-0.09726	Torngat	
NS.1781.001.UDP0268_i7---UDP0268_i5.T45	88584	94689.1	128642	-0.17981	Torngat	
NS.1781.001.UDP0269_i7---UDP0269_i5.T2	88081	94618.2	128522	-0.19282	Torngat	
NS.1781.001.UDP0270_i7---UDP0270_i5.T25	88486	91703.6	124655	-0.09765	Torngat	
NS.1781.001.UDP0271_i7---UDP0271_i5.T40	85850	87634.8	119276	-0.05641	Torngat	
NS.1781.001.UDP0272_i7---UDP0272_i5.T29	84352	84883.6	115597	-0.01731	Torngat	
NS.1781.001.UDP0273_i7---UDP0273_i5.T6	83271	83312.9	113485	-0.00139	Torngat	
NS.1781.001.UDP0274_i7---UDP0274_i5.T31	84231	87718.7	119374	-0.11018	Torngat	
NS.1781.001.UDP0275_i7---UDP0275_i5.T7	88472	91582.5	124491	-0.09452	Torngat	
NS.1781.001.UDP0276_i7---UDP0276_i5.T36	86858	88204.8	119970	-0.0424	Torngat	
NS.1781.001.UDP0279_i7---UDP0279_i5.T12	75630	73579.4	100454	0.0763	Torngat	
NS.1781.001.UDP0281_i7---UDP0281_i5.T23	88290	92047.9	125147	-0.11354	Torngat	
NS.1781.001.UDP0282_i7---UDP0282_i5.T27	86778	89178.4	121349	-0.07461	Torngat	
NS.1781.001.UDP0283_i7---UDP0283_i5.T18	88265	96382.5	130865	-0.23541	Torngat	
NS.1781.001.UDP0284_i7---UDP0284_i5.T41	87908	94697.2	128586	-0.20034	Torngat	
NS.1781.001.UDP0285_i7---UDP0285_i5.T21	87303	88761.1	120787	-0.04553	Torngat	
NS.1781.001.UDP0286_i7---UDP0286_i5.T15	88087	95148.8	129229	-0.20721	Torngat	
NS.1781.001.UDP0287_i7---UDP0287_i5.T30	86601	92420.5	125589	-0.17545	Torngat	
NS.1781.001.UDP0288_i7---UDP0288_i5.T13	87798	95760.6	130041	-0.23228	Torngat	
NS.1792.004.UDP0370_i7---UDP0370_i5.T42	84312	96765.4	131354	-0.36004	Torngat	
NS.1792.004.UDP0371_i7---UDP0371_i5.T32	84749	97549.9	132395	-0.36737	Torngat	
NS.1792.004.UDP0372_i7---UDP0372_i5.T1	87497	96981.2	131638	-0.27366	Torngat	
NS.1792.004.UDP0377_i7---UDP0377_i5.T26	88951	96133.4	130544	-0.20873	Torngat	
NS.1792.004.UDP0378_i7---UDP0378_i5.T9	87768	94716	128625	-0.2049	Torngat	
NS.1792.004.UDP0379_i7---UDP0379_i5.T19	87420	97655.9	132528	-0.29353	Torngat	
NS.1792.004.UDP0380_i7---UDP0380_i5.T22	87325	96444.7	130922	-0.26451	Torngat	
NS.1792.004.UDP0381_i7---UDP0381_i5.T28	85648	98114.3	133147	-0.35585	Torngat	
NS.1792.004.UDP0382_i7---UDP0382_i5.T24	86610	97471.2	132292	-0.31192	Torngat	
NS.1792.004.UDP0383_i7---UDP0383_i5.T35	88332	95893.5	130234	-0.22019	Torngat	
NS.1792.004.UDP0384_i7---UDP0384_i5.T38	86107	88898.9	120913	-0.08721	Torngat	
NS.1789.002.UDP0177_i7---UDP0177_i5.TB_1	85865	88258.6	120052	-0.07528	Trinity Bay	
NS.1789.002.UDP0178_i7---UDP0178_i5.TB_2	87273	88956.6	121037	-0.05248	Trinity Bay	
NS.1789.002.UDP0180_i7---UDP0180_i5.TB_4	88655	92383.7	125538	-0.11246	Trinity Bay	
NS.1789.002.UDP0181_i7---UDP0181_i5.TB_5	88081	95454.5	129641	-0.21568	Trinity Bay	
NS.1789.002.UDP0182_i7---UDP0182_i5.TB_6	88012	94055.4	127783	-0.17918	Trinity Bay	
NS.1789.002.UDP0183_i7---UDP0183_i5.TB_7	87760	92326.9	125474	-0.13778	Trinity Bay	
NS.1789.002.UDP0184_i7---UDP0184_i5.TB_8	87537	94274.1	128096	-0.19919	Trinity Bay	
NS.1789.002.UDP0185_i7---UDP0185_i5.TB_9	80932	79184.1	108023	0.06061	Trinity Bay	
NS.1789.002.UDP0186_i7---UDP0186_i5.TB_10	87733	93290.6	126770	-0.166	Trinity Bay	
NS.1789.002.UDP0187_i7---UDP0187_i5.TB_11	87570	95023.9	129060	-0.219	Trinity Bay	
NS.1789.002.UDP0188_i7---UDP0188_i5.TB_12	88047	95415.7	129578	-0.2157	Trinity Bay	
NS.1789.002.UDP0189_i7---UDP0189_i5.TB_13	86484	88688.9	120699	-0.06888	Trinity Bay	
NS.1789.002.UDP0191_i7---UDP0191_i5.TB_15	85818	88167.6	119979	-0.07386	Trinity Bay	
NS.1794.002.UDP0097_i7---UDP0097_i5.TB_016	79758	78907.9	107593	0.02964	Trinity Bay	
NS.1794.002.UDP0098_i7---UDP0098_i5.TB_017	80973	82601.1	112554	-0.05436	Trinity Bay	
NS.1794.002.UDP0099_i7---UDP0099_i5.TB_018	75972	74012.3	101110	0.07232	Trinity Bay	
NS.1794.002.UDP0100_i7---UDP0100_i5.TB_019	78245	76903.6	104909	0.0479	Trinity Bay	
NS.1794.002.UDP0101_i7---UDP0101_i5.TB_020	80421	81367.9	110879	-0.03208	Trinity Bay	
NS.1794.002.UDP0102_i7---UDP0102_i5.TB_021	77649	75945.2	103616	0.06157	Trinity Bay	
NS.1794.002.UDP0103_i7---UDP0103_i5.TB_022	82214	82899.8	112942	-0.02283	Trinity Bay	
NS.1794.002.UDP0104_i7---UDP0104_i5.TB_023	78364	77425.9	105613	0.03328	Trinity Bay	
NS.1794.002.UDP0105_i7---UDP0105_i5.TB_024	85861	88216.9	120065	-0.07397	Trinity Bay	
NS.1794.002.UDP0106_i7---UDP0106_i5.TB_025	72391	70333.9	96189	0.07956	Trinity Bay	
NS.1794.002.UDP0107_i7---UDP0107_i5.TB_026	85691	87923.9	119614	-0.07046	Trinity Bay	
NS.1794.002.UDP0108_i7---UDP0108_i5.TB_027	84077	85463.7	116354	-0.04489	Trinity Bay	
NS.1794.002.UDP0109_i7---UDP0109_i5.TB_028	78526	78913	107615	-0.01348	Trinity Bay	
NS.1794.002.UDP0110_i7---UDP0110_i5.TB_029	78240	76946.3	104986	0.04614	Trinity Bay	
NS.1794.002.UDP0111_i7---UDP0111_i5.TB_030	78993	79144.5	107974	-0.00526	Trinity Bay	
NS.1794.002.UDP0112_i7---UDP0112_i5.TB_031	84773	90055.9	122463	-0.16302	Trinity Bay	
NS.1794.002.UDP0113_i7---UDP0113_i5.TB_032	84642	86516.1	117724	-0.06005	Trinity Bay	
NS.1794.002.UDP0114_i7---UDP0114_i5.TB_033	86376	89787.6	122110	-0.10555	Trinity Bay	
NS.1794.002.UDP0115_i7---UDP0115_i5.TB_034	84741	87205	118670	-0.07831	Trinity Bay	
NS.1794.002.UDP0116_i7---UDP0116_i5.TB_035	86835	96572.2	131099	-0.28202	Trinity Bay	
NS.1798.004.UDP0025_i7---UDP0025_i5.D039	85083	87089.5	118514	-0.06385	Unknown_D	
NS.1798.004.UDP0026_i7---UDP0026_i5.D040	77803	76754.7	104749	0.03745	Unknown_D	
NS.1798.004.UDP0027_i7---UDP0027_i5.D041	82888	83276.6	113482	-0.01287	Unknown_D	
NS.1798.004.UDP0028_i7---UDP0028_i5.D042	84096	84970.7	115702	-0.02846	Unknown_D	
NS.1798.004.UDP0029_i7---UDP0029_i5.D043	83172	83964.9	114399	-0.02605	Unknown_D	
NS.1798.004.UDP0030_i7---UDP0030_i5.D044	83782	85033.8	115803	-0.04069	Unknown_D	
NS.1798.004.UDP0031_i7---UDP0031_i5.D045	83868	85174.5	115969	-0.04243	Unknown_D	
NS.1798.004.UDP0032_i7---UDP0032_i5.D046	84049	85426.7	116325	-0.04459	Unknown_D	
NS.1792.004.UDP0002_i7---UDP0002_i5.WCB_F_57	88194	91506.2	124403	-0.10069	WCB_Female	
NS.1792.004.UDP0003_i7---UDP0003_i5.WCB_F_58	88150	92826.2	126162	-0.14027	WCB_Female	
NS.1792.004.UDP0004_i7---UDP0004_i5.WCB_F_59	82866	82636.1	112581	0.00768	WCB_Female	
NS.1792.004.UDP0005_i7---UDP0005_i5.WCB_F_60	86309	88292.4	120106	-0.06235	WCB_Female	
NS.1792.004.UDP0006_i7---UDP0006_i5.WCB_F_61	82025	81273.6	110790	0.02546	WCB_Female	
NS.1792.004.UDP0007_i7---UDP0007_i5.WCB_F_62	88338	91778.3	124789	-0.10422	WCB_Female	
NS.1792.004.UDP0008_i7---UDP0008_i5.WCB_F_63	87804	92183.9	125314	-0.1322	WCB_Female	
NS.1792.004.UDP0087_i7---UDP0087_i5.WCB_F_56	87821	91639.6	124562	-0.11599	WCB_Female	
NS.1794.002.UDP0010_i7---UDP0010_i5.WCB_F_65	80029	78308.2	106824	0.06035	WCB_Female	
NS.1794.002.UDP0012_i7---UDP0012_i5.WCB_F_67	77029	74697	102006	0.08539	WCB_Female	
NS.1794.002.UDP0014_i7---UDP0014_i5.WCB_F_69	72504	69817.5	95518	0.10453	WCB_Female	
NS.1794.002.UDP0088_i7---UDP0088_i5.WCB_F_64	77363	75146.9	102613	0.08069	WCB_Female	
NS.1794.004.UDP0137_i7---UDP0137_i5.WCB_F_1	87334	90535	123093	-0.09832	WCB_Female	
NS.1794.004.UDP0138_i7---UDP0138_i5.WCB_F_2	84808	86436.7	117608	-0.05225	WCB_Female	
NS.1794.004.UDP0139_i7---UDP0139_i5.WCB_F_3	86223	89242	121388	-0.09391	WCB_Female	
NS.1794.004.UDP0140_i7---UDP0140_i5.WCB_F_4	85367	87910.1	119615	-0.08021	WCB_Female	
NS.1794.004.UDP0141_i7---UDP0141_i5.WCB_F_5	85103	86805.2	118154	-0.0543	WCB_Female	
NS.1794.004.UDP0142_i7---UDP0142_i5.WCB_F_6	86734	92708.8	125998	-0.17948	WCB_Female	
NS.1794.004.UDP0143_i7---UDP0143_i5.WCB_F_7	80572	80534.2	109778	0.00129	WCB_Female	
NS.1794.004.UDP0144_i7---UDP0144_i5.WCB_F_8	87034	91525	124438	-0.13645	WCB_Female	
NS.1794.004.UDP0145_i7---UDP0145_i5.WCB_F_9	83033	82962.8	113099	0.00233	WCB_Female	
NS.1794.004.UDP0146_i7---UDP0146_i5.WCB_F_10	87324	94228	127982	-0.20454	WCB_Female	
NS.1794.004.UDP0147_i7---UDP0147_i5.WCB_F_11	83778	85232.9	116098	-0.04714	WCB_Female	
NS.1794.004.UDP0148_i7---UDP0148_i5.WCB_F_12	86684	89593.2	121831	-0.09024	WCB_Female	
NS.1794.004.UDP0149_i7---UDP0149_i5.WCB_F_13	85506	87790.6	119423	-0.07222	WCB_Female	
NS.1794.004.UDP0150_i7---UDP0150_i5.WCB_F_14	85267	87346.5	118919	-0.06587	WCB_Female	
NS.1794.004.UDP0151_i7---UDP0151_i5.WCB_F_15	85618	88783.9	120791	-0.09891	WCB_Female	
NS.1794.004.UDP0152_i7---UDP0152_i5.WCB_F_16	86880	96110.3	130498	-0.26842	WCB_Female	
NS.1794.004.UDP0153_i7---UDP0153_i5.WCB_F_17	85185	85654.9	116610	-0.01518	WCB_Female	
NS.1794.004.UDP0154_i7---UDP0154_i5.WCB_F_18	87703	93123.3	126541	-0.1622	WCB_Female	
NS.1794.004.UDP0155_i7---UDP0155_i5.WCB_F_19	84550	85192.6	115973	-0.02088	WCB_Female	
NS.1794.004.UDP0156_i7---UDP0156_i5.WCB_F_20	86748	90174.1	122650	-0.1055	WCB_Female	
NS.1794.004.UDP0157_i7---UDP0157_i5.WCB_F_21	84777	85248.5	116058	-0.0153	WCB_Female	
NS.1794.004.UDP0158_i7---UDP0158_i5.WCB_F_22	86798	89920.8	122281	-0.0965	WCB_Female	
NS.1794.004.UDP0159_i7---UDP0159_i5.WCB_F_23	87132	91120.5	123905	-0.12166	WCB_Female	
NS.1794.004.UDP0160_i7---UDP0160_i5.WCB_F_24	87386	93589.7	127181	-0.18468	WCB_Female	
NS.1794.004.UDP0161_i7---UDP0161_i5.WCB_F_25	83360	83716.2	114020	-0.01175	WCB_Female	
NS.1794.004.UDP0162_i7---UDP0162_i5.WCB_F_26	86198	89419.2	121633	-0.09999	WCB_Female	
NS.1794.004.UDP0163_i7---UDP0163_i5.WCB_F_27	80226	79394.1	108234	0.02884	WCB_Female	
NS.1794.004.UDP0164_i7---UDP0164_i5.WCB_F_28	86092	89053.3	121151	-0.09226	WCB_Female	
NS.1794.004.UDP0165_i7---UDP0165_i5.WCB_F_29	78498	77245.2	105419	0.04447	WCB_Female	
NS.1794.004.UDP0166_i7---UDP0166_i5.WCB_F_30	86356	89475.2	121725	-0.09672	WCB_Female	
NS.1794.004.UDP0167_i7---UDP0167_i5.WCB_F_31	85817	87435.5	119014	-0.05125	WCB_Female	
NS.1794.004.UDP0168_i7---UDP0168_i5.WCB_F_32	85072	86130.7	117268	-0.034	WCB_Female	
NS.1794.004.UDP0169_i7---UDP0169_i5.WCB_F_33	77446	75592.2	103213	0.06711	WCB_Female	
NS.1794.004.UDP0170_i7---UDP0170_i5.WCB_F_34	86765	91838.4	124818	-0.15383	WCB_Female	
NS.1794.004.UDP0171_i7---UDP0171_i5.WCB_F_35	79877	79072.7	107888	0.02791	WCB_Female	
NS.1794.004.UDP0173_i7---UDP0173_i5.WCB_F_37	81958	81818.1	111478	0.00472	WCB_Female	
NS.1794.004.UDP0174_i7---UDP0174_i5.WCB_F_38	85128	87725.4	119390	-0.08203	WCB_Female	
NS.1794.004.UDP0175_i7---UDP0175_i5.WCB_F_39	83289	85338.6	116222	-0.06637	WCB_Female	
NS.1794.004.UDP0176_i7---UDP0176_i5.WCB_F_40	86114	88692.6	120653	-0.08068	WCB_Female	
NS.1794.004.UDP0177_i7---UDP0177_i5.WCB_F_41	82615	81917	111625	0.0235	WCB_Female	
NS.1794.004.UDP0178_i7---UDP0178_i5.WCB_F_42	85056	88498.7	120400	-0.10792	WCB_Female	
NS.1794.004.UDP0179_i7---UDP0179_i5.WCB_F_43	82491	82461.2	112382	0.00099	WCB_Female	
NS.1794.004.UDP0180_i7---UDP0180_i5.WCB_F_44	88202	93238.3	126699	-0.15051	WCB_Female	
NS.1794.004.UDP0181_i7---UDP0181_i5.WCB_F_45	87751	92829.8	126169	-0.15234	WCB_Female	
NS.1794.004.UDP0182_i7---UDP0182_i5.WCB_F_46	86236	90649	123282	-0.13523	WCB_Female	
NS.1794.004.UDP0183_i7---UDP0183_i5.WCB_F_47	85850	88147.2	119928	-0.07228	WCB_Female	
NS.1794.004.UDP0184_i7---UDP0184_i5.WCB_F_48	86498	90277.8	122828	-0.11612	WCB_Female	
NS.1794.004.UDP0185_i7---UDP0185_i5.WCB_F_49	77733	74897.7	102349	0.10329	WCB_Female	
NS.1794.004.UDP0186_i7---UDP0186_i5.WCB_F_50	86147	89394.2	121596	-0.10084	WCB_Female	
NS.1794.004.UDP0187_i7---UDP0187_i5.WCB_F_51	83203	82707.1	112657	0.01656	WCB_Female	
NS.1794.004.UDP0188_i7---UDP0188_i5.WCB_F_52	87528	96681.4	131249	-0.2648	WCB_Female	
NS.1794.004.UDP0189_i7---UDP0189_i5.WCB_F_53	77239	75191.9	102626	0.07462	WCB_Female	
NS.1794.004.UDP0190_i7---UDP0190_i5.WCB_F_54	86940	89547.7	121772	-0.08092	WCB_Female	
NS.1794.004.UDP0191_i7---UDP0191_i5.WCB_F_55	79539	78344	106871	0.04189	WCB_Female	
NS.1798.004.UDP0097_i7---UDP0097_i5.WCB_M_1	88072	91855.7	124854	-0.11466	WCB_Male	
NS.1798.004.UDP0098_i7---UDP0098_i5.WCB_M_2	87754	96017.3	130381	-0.24046	WCB_Male	
NS.1798.004.UDP0099_i7---UDP0099_i5.WCB_M_3	87165	90026	122423	-0.08831	WCB_Male	
NS.1798.004.UDP0100_i7---UDP0100_i5.WCB_M_4	86174	89827.6	122157	-0.11301	WCB_Male	
NS.1798.004.UDP0101_i7---UDP0101_i5.WCB_M_5	87214	90864.4	123572	-0.11161	WCB_Male	
NS.1798.004.UDP0102_i7---UDP0102_i5.WCB_M_6	86662	91119.8	123884	-0.13606	WCB_Male	
NS.1798.004.UDP0103_i7---UDP0103_i5.WCB_M_7	80932	80970	110436	-0.00129	WCB_Male	
NS.1798.004.UDP0104_i7---UDP0104_i5.WCB_M_8	82055	82283.9	112157	-0.00766	WCB_Male	
NS.1798.004.UDP0105_i7---UDP0105_i5.WCB_M_9	88555	93840.9	127516	-0.15697	WCB_Male	
NS.1798.004.UDP0106_i7---UDP0106_i5.WCB_M_10	86903	90861.4	123555	-0.12108	WCB_Male	
NS.1798.004.UDP0108_i7---UDP0108_i5.WCB_M_12	87779	91190.2	124003	-0.10396	WCB_Male	
NS.1798.004.UDP0109_i7---UDP0109_i5.WCB_M_13	84590	87285.1	118774	-0.08559	WCB_Male	
NS.1798.004.UDP0110_i7---UDP0110_i5.WCB_M_14	87074	89657.7	121957	-0.07999	WCB_Male	
NS.1798.004.UDP0111_i7---UDP0111_i5.WCB_M_15	85545	88944.3	121014	-0.106	WCB_Male	
NS.1798.004.UDP0112_i7---UDP0112_i5.WCB_M_16	88136	92008.5	125039	-0.11724	WCB_Male	
NS.1798.004.UDP0113_i7---UDP0113_i5.WCB_M_17	87578	93799.1	127441	-0.18492	WCB_Male	
NS.1798.004.UDP0114_i7---UDP0114_i5.WCB_M_18	88127	93665	127265	-0.16482	WCB_Male	
NS.1798.004.UDP0115_i7---UDP0115_i5.WCB_M_19	87382	90147.5	122550	-0.08535	WCB_Male	
NS.1798.004.UDP0116_i7---UDP0116_i5.WCB_M_20	88507	93997.9	127700	-0.16292	WCB_Male	
NS.1798.004.UDP0117_i7---UDP0117_i5.WCB_M_21	84081	85092	115918	-0.0328	WCB_Male	
NS.1798.004.UDP0118_i7---UDP0118_i5.WCB_M_22	74903	72553.9	99179	0.08823	WCB_Male	
NS.1798.004.UDP0119_i7---UDP0119_i5.WCB_M_23	87732	91487.5	124387	-0.11415	WCB_Male	
NS.1798.004.UDP0120_i7---UDP0120_i5.WCB_M_24	84204	84661.7	115331	-0.01492	WCB_Male	
NS.1798.004.UDP0121_i7---UDP0121_i5.WCB_M_25	88308	95156.7	129228	-0.20101	WCB_Male	
NS.1798.004.UDP0122_i7---UDP0122_i5.WCB_M_26	88095	95265.8	129395	-0.21011	WCB_Male	
NS.1798.004.UDP0123_i7---UDP0123_i5.WCB_M_27	88102	93039.6	126455	-0.14776	WCB_Male	
NS.1798.004.UDP0124_i7---UDP0124_i5.WCB_M_28	86129	89872.7	122250	-0.11563	WCB_Male	
NS.1798.004.UDP0126_i7---UDP0126_i5.WCB_M_30	87738	92250.8	125384	-0.1362	WCB_Male	
NS.1798.004.UDP0127_i7---UDP0127_i5.WCB_M_31	87283	90959.3	123692	-0.11231	WCB_Male	
NS.1798.004.UDP0128_i7---UDP0128_i5.WCB_M_32	87699	91835	124818	-0.1254	WCB_Male	
NS.1798.004.UDP0129_i7---UDP0129_i5.WCB_M_33	86350	90031.3	122419	-0.11367	WCB_Male	
NS.1798.004.UDP0130_i7---UDP0130_i5.WCB_M_34	85364	87605.1	119207	-0.07092	WCB_Male	
NS.1798.004.UDP0131_i7---UDP0131_i5.WCB_M_35	88053	93961.2	127651	-0.17537	WCB_Male	
NS.1798.004.UDP0132_i7---UDP0132_i5.WCB_M_36	88578	94800.5	128762	-0.18322	WCB_Male	
NS.1798.004.UDP0133_i7---UDP0133_i5.WCB_M_37	86914	90251.9	122718	-0.10281	WCB_Male	
NS.1798.004.UDP0134_i7---UDP0134_i5.WCB_M_38	87192	90058	122469	-0.08843	WCB_Male	
NS.1798.004.UDP0135_i7---UDP0135_i5.WCB_M_39	87782	93871.2	127536	-0.18088	WCB_Male	
NS.1798.004.UDP0136_i7---UDP0136_i5.WCB_M_40	85759	88959.3	121023	-0.09981	WCB_Male	
NS.1798.004.UDP0137_i7---UDP0137_i5.WCB_M_41	87989	92643.6	125910	-0.13992	WCB_Male	
NS.1798.004.UDP0138_i7---UDP0138_i5.WCB_M_42	87641	92534.5	125723	-0.14744	WCB_Male	
NS.1798.004.UDP0139_i7---UDP0139_i5.WCB_M_43	85100	86936.8	118310	-0.05855	WCB_Male	
NS.1798.004.UDP0140_i7---UDP0140_i5.WCB_M_44	86859	90845.9	123533	-0.12197	WCB_Male	
NS.1798.004.UDP0141_i7---UDP0141_i5.WCB_M_45	87604	93432.7	126998	-0.17365	WCB_Male	
NS.1798.004.UDP0142_i7---UDP0142_i5.WCB_M_46	87285	90421.9	122962	-0.0964	WCB_Male	
NS.1798.004.UDP0143_i7---UDP0143_i5.WCB_M_47	82889	82393.9	112264	0.01657	WCB_Male	
NS.1798.004.UDP0145_i7---UDP0145_i5.WCB_M_49	87276	92057.7	125106	-0.14469	WCB_Male	
NS.1798.004.UDP0146_i7---UDP0146_i5.WCB_M_50	88027	96201.9	130599	-0.23766	WCB_Male	
NS.1798.004.UDP0148_i7---UDP0148_i5.WCB_M_52	83753	85237.3	116060	-0.04815	WCB_Male	
NS.1798.004.UDP0149_i7---UDP0149_i5.WCB_M_53	87713	93381.3	126865	-0.16929	WCB_Male	
NS.1798.004.UDP0150_i7---UDP0150_i5.WCB_M_54	86411	88238.4	120077	-0.0574	WCB_Male	
NS.1798.004.UDP0151_i7---UDP0151_i5.WCB_M_55	88107	94210.6	127966	-0.18082	WCB_Male	
NS.1798.004.UDP0152_i7---UDP0152_i5.WCB_M_56	87861	94730.4	128692	-0.20227	WCB_Male	
NS.1798.004.UDP0153_i7---UDP0153_i5.WCB_M_57	87888	92708.5	125998	-0.14481	WCB_Male	
NS.1798.004.UDP0154_i7---UDP0154_i5.WCB_M_58	85753	95159.7	129230	-0.2761	WCB_Male	
NS.1798.004.UDP0155_i7---UDP0155_i5.WCB_M_59	86414	88003.9	119712	-0.05014	WCB_Male	
NS.1798.004.UDP0156_i7---UDP0156_i5.WCB_M_60	86123	88596.6	120576	-0.07735	WCB_Male	
NS.1798.004.UDP0157_i7---UDP0157_i5.WCB_M_61	86898	89962.2	122311	-0.09472	WCB_Male	
NS.1798.004.UDP0158_i7---UDP0158_i5.WCB_M_62	87734	92228	125363	-0.13563	WCB_Male	
NS.1798.004.UDP0159_i7---UDP0159_i5.WCB_M_63	87890	92651.4	125932	-0.14307	WCB_Male	
NS.1798.004.UDP0160_i7---UDP0160_i5.WCB_M_64	87971	94989.8	129020	-0.20625	WCB_Male	
NS.1798.004.UDP0161_i7---UDP0161_i5.WCB_M_65	85135	85696.5	116685	-0.01812	WCB_Male	
NS.1798.004.UDP0162_i7---UDP0162_i5.WCB_M_66	86793	94012.4	127713	-0.21422	WCB_Male	
NS.1798.004.UDP0163_i7---UDP0163_i5.WCB_M_67	83323	83495.7	113675	-0.00572	WCB_Male	
NS.1798.004.UDP0164_i7---UDP0164_i5.WCB_M_68	84672	85357.3	116247	-0.02219	WCB_Male	
NS.1798.004.UDP0166_i7---UDP0166_i5.WCB_M_70	88300	90820.7	123504	-0.07713	WCB_Male	
