Sample ID,Poolseq ID (2020)1,Population,Latitude,Longitude,Date collected,gDNA plate ID,UD_i7,UD_i5,Depth
10A_1,,,46.749833,-54.832167,2021,Snow Crab 3 (Lib7) 2091,UDP0097_i7,UDP0097_i5,
10A_10,,,46.749833,-54.832167,2021,Snow Crab 3 (Lib7) 2100,UDP0097_i7,UDP0097_i5,
10A_11,,,46.749833,-54.832167,2021,Snow Crab 3 (Lib7) 2101,UDP0097_i7,UDP0097_i5,
10A_12,,,46.749833,-54.832167,2021,Snow Crab 3 (Lib7) 2102,UDP0097_i7,UDP0097_i5,
10A_13,,,46.749833,-54.832167,2021,Snow Crab 3 (Lib7) 2103,UDP0097_i7,UDP0097_i5,
10A_14,,,46.749833,-54.832167,2021,Snow Crab 3 (Lib7) 2104,UDP0097_i7,UDP0097_i5,
10A_15,,,46.749833,-54.832167,2021,Snow Crab 3 (Lib7) 2105,UDP0097_i7,UDP0097_i5,
10A_16,,,46.749833,-54.832167,2021,Snow Crab 3 (Lib7) 2106,UDP0097_i7,UDP0097_i5,
10A_17,,,46.749833,-54.832167,2021,Snow Crab 3 (Lib7) 2107,UDP0097_i7,UDP0097_i5,
10A_18,,,46.749833,-54.832167,2021,Snow Crab 3 (Lib7) 2108,UDP0097_i7,UDP0097_i5,
10A_19,,,46.749833,-54.832167,2021,Snow Crab 3 (Lib7) 2109,UDP0097_i7,UDP0097_i5,
10A_2,,,46.749833,-54.832167,2021,Snow Crab 3 (Lib7) 2092,UDP0097_i7,UDP0097_i5,
10A_20,,,46.749833,-54.832167,2021,Snow Crab 3 (Lib7) 2110,UDP0097_i7,UDP0097_i5,
10A_21,,,46.749833,-54.832167,2021,Snow Crab 3 (Lib7) 2111,UDP0097_i7,UDP0097_i5,
10A_22,,,46.749833,-54.832167,2021,Snow Crab 3 (Lib7) 2112,UDP0097_i7,UDP0097_i5,
10A_23,,,46.749833,-54.832167,2021,Snow Crab 3 (Lib7) 2113,UDP0097_i7,UDP0097_i5,
10A_24,,,46.749833,-54.832167,2021,Snow Crab 3 (Lib7) 2114,UDP0097_i7,UDP0097_i5,
10A_25,,,46.749833,-54.832167,2021,Snow Crab 3 (Lib7) 2115,UDP0097_i7,UDP0097_i5,
10A_26,,,46.74983333,-54.83166667,2021,,UDP0097_i7,UDP0097_i5,
10A_27,,,46.74983333,-54.83166667,2021,,UDP0098_i7,UDP0098_i5,
10A_28,,,46.74983333,-54.83166667,2021,,UDP0099_i7,UDP0099_i5,
10A_29,,,46.74983333,-54.83166667,2021,,UDP0100_i7,UDP0100_i5,
10A_3,,,46.749833,-54.832167,2021,Snow Crab 3 (Lib7) 2093,UDP0097_i7,UDP0097_i5,
10A_30,,,46.74983333,-54.83166667,2021,,UDP0101_i7,UDP0101_i5,
10A_31,,,46.74983333,-54.83166667,2021,,UDP0102_i7,UDP0102_i5,
10A_32,,,46.74983333,-54.83166667,2021,,UDP0103_i7,UDP0103_i5,
10A_33,,,46.74983333,-54.83166667,2021,,UDP0104_i7,UDP0104_i5,
10A_34,,,46.74983333,-54.83166667,2021,,UDP0105_i7,UDP0105_i5,
10A_35,,,46.74983333,-54.83166667,2021,,UDP0106_i7,UDP0106_i5,
10A_4,,,46.749833,-54.832167,2021,Snow Crab 3 (Lib7) 2094,UDP0097_i7,UDP0097_i5,
10A_5,,,46.749833,-54.832167,2021,Snow Crab 3 (Lib7) 2095,UDP0097_i7,UDP0097_i5,
10A_6,,,46.749833,-54.832167,2021,Snow Crab 3 (Lib7) 2096,UDP0097_i7,UDP0097_i5,
10A_7,,,46.749833,-54.832167,2021,Snow Crab 3 (Lib7) 2097,UDP0097_i7,UDP0097_i5,
10A_8,,,46.749833,-54.832167,2021,Snow Crab 3 (Lib7) 2098,UDP0097_i7,UDP0097_i5,
10A_9,,,46.749833,-54.832167,2021,Snow Crab 3 (Lib7) 2099,UDP0097_i7,UDP0097_i5,
10B1,10B1,10B,46.33,-55.99,2020,Snow Crab 17 (2020),UDP0193_i7,UDP0193_i5,
10B10,10B10,10B,46.33,-55.99,2020,Snow Crab 17 (2020),UDP0201_i7,UDP0201_i5,
10B11,10B11,10B,46.33,-55.99,2020,Snow Crab 17 (2020),UDP0202_i7,UDP0202_i5,
10B12,10B12,10B,46.33,-55.99,2020,Snow Crab 17 (2020),UDP0203_i7,UDP0203_i5,
10B13,10B13,10B,46.33,-55.99,2020,Snow Crab 17 (2020),UDP0204_i7,UDP0204_i5,
10B14,10B14,10B,46.33,-55.99,2020,Snow Crab 17 (2020),UDP0205_i7,UDP0205_i5,
10B15,10B15,10B,46.33,-55.99,2020,Snow Crab 17 (2020),UDP0206_i7,UDP0206_i5,
10B17,10B17,10B,46.33,-55.99,2020,Snow Crab 17 (2020),UDP0209_i7,UDP0209_i5,
10B18,10B18,10B,46.33,-55.99,2020,Snow Crab 17 (2020),UDP0210_i7,UDP0210_i5,
10B19,10B19,10B,46.33,-55.99,2020,Snow Crab 17 (2020),UDP0211_i7,UDP0211_i5,
10B2,10B2,10B,46.33,-55.99,2020,Snow Crab 17 (2020),UDP0194_i7,UDP0194_i5,
10B20,10B20,10B,46.33,-55.99,2020,Snow Crab 17 (2020),UDP0212_i7,UDP0212_i5,
10B21,10B21,10B,46.33,-55.99,2020,Snow Crab 17 (2020),UDP0213_i7,UDP0213_i5,
10B22,10B22,10B,46.33,-55.99,2020,Snow Crab 17 (2020),UDP0214_i7,UDP0214_i5,
10B25,10B25,10B,46.33,-55.99,2020,Snow Crab 17 (2020),UDP0217_i7,UDP0217_i5,
10B26,10B26,10B,46.33,-55.99,2020,Snow Crab 17 (2020),UDP0218_i7,UDP0218_i5,
10B27,10B27,10B,46.33,-55.99,2020,Snow Crab 17 (2020),UDP0219_i7,UDP0219_i5,
10B28,10B28,10B,46.33,-55.99,2020,Snow Crab 17 (2020),UDP0220_i7,UDP0220_i5,
10B29,10B29,10B,46.33,-55.99,2020,Snow Crab 17 (2020),UDP0221_i7,UDP0221_i5,
10B3,10B3,10B,46.33,-55.99,2020,Snow Crab 17 (2020),UDP0195_i7,UDP0195_i5,
10B30,10B30,10B,46.33,-55.99,2020,Snow Crab 17 (2020),UDP0222_i7,UDP0222_i5,
10B31,10B31,10B,46.33,-55.99,2020,Snow Crab 17 (2020),UDP0223_i7,UDP0223_i5,
10B33,10B33,10B,46.33,-55.99,2020,Snow Crab 17 (2020),UDP0225_i7,UDP0225_i5,
10B34,10B34,10B,46.33,-55.99,2020,Snow Crab 17 (2020),UDP0226_i7,UDP0226_i5,
10B35,10B35,10B,46.33,-55.99,2020,Snow Crab 17 (2020),UDP0227_i7,UDP0227_i5,
10B36,,10B,46.33,-55.99,2020,Snow Crab 17 (2020),UDP0228_i7,UDP0228_i5,
10B37,10B37,10B,46.33,-55.99,2020,Snow Crab 17 (2020),UDP0229_i7,UDP0229_i5,
10B38,10B38,10B,46.33,-55.99,2020,Snow Crab 17 (2020),UDP0230_i7,UDP0230_i5,
10B39,10B39,10B,46.33,-55.99,2020,Snow Crab 17 (2020),UDP0231_i7,UDP0231_i5,
10B4,10B4,10B,46.33,-55.99,2020,Snow Crab 17 (2020),UDP0196_i7,UDP0196_i5,
10B41,10B41,10B,46.33,-55.99,2020,Snow Crab 17 (2020),UDP0207_i7,UDP0207_i5,
10B42,,10B,46.33,-55.99,2020,Snow Crab 17 (2020),UDP0215_i7,UDP0215_i5,
10B5,10B5,10B,46.33,-55.99,2020,Snow Crab 17 (2020),UDP0197_i7,UDP0197_i5,
10B6,10B6,10B,46.33,-55.99,2020,Snow Crab 17 (2020),UDP0198_i7,UDP0198_i5,
10B7,10B7,10B,46.33,-55.99,2020,Snow Crab 17 (2020),UDP0199_i7,UDP0199_i5,
2420_1,,2420,48.46416667,-58.63138889,Sept 1/21,,UDP0162_i7,UDP0162_i5,41 fathoms
2420_10,,2420,48.46416667,-58.63138889,Sept 1/21,,UDP0171_i7,UDP0171_i5,41 fathoms
2420_11,,2420,48.46416667,-58.63138889,Sept 1/21,,UDP0172_i7,UDP0172_i5,41 fathoms
2420_12,,2420,48.46416667,-58.63138889,Sept 1/21,,UDP0173_i7,UDP0173_i5,41 fathoms
2420_13,,2420,48.46416667,-58.63138889,Sept 1/21,,UDP0174_i7,UDP0174_i5,41 fathoms
2420_14,,2420,48.46416667,-58.63138889,Sept 1/21,,UDP0175_i7,UDP0175_i5,41 fathoms
2420_15,,2420,48.46416667,-58.63138889,Sept 1/21,,UDP0176_i7,UDP0176_i5,41 fathoms
2420_16,,2420,48.46416667,-58.63138889,Sept 1/21,,UDP0177_i7,UDP0177_i5,41 fathoms
2420_17,,2420,48.46416667,-58.63138889,Sept 1/21,,UDP0178_i7,UDP0178_i5,41 fathoms
2420_18,,2420,48.46416667,-58.63138889,Sept 1/21,,UDP0179_i7,UDP0179_i5,41 fathoms
2420_19,,2420,48.46416667,-58.63138889,Sept 1/21,,UDP0180_i7,UDP0180_i5,41 fathoms
2420_2,,2420,48.46416667,-58.63138889,Sept 1/21,,UDP0163_i7,UDP0163_i5,41 fathoms
2420_20,,2420,48.46416667,-58.63138889,Sept 1/21,,UDP0181_i7,UDP0181_i5,41 fathoms
2420_21,,2420,48.46416667,-58.63138889,Sept 1/21,,UDP0182_i7,UDP0182_i5,41 fathoms
2420_22,,2420,48.46416667,-58.63138889,Sept 1/21,,UDP0183_i7,UDP0183_i5,41 fathoms
2420_23,,2420,48.46416667,-58.63138889,Sept 1/21,,UDP0184_i7,UDP0184_i5,41 fathoms
2420_24,,2420,48.46416667,-58.63138889,Sept 1/21,,UDP0185_i7,UDP0185_i5,41 fathoms
2420_25,,2420,48.46416667,-58.63138889,Sept 1/21,,UDP0186_i7,UDP0186_i5,41 fathoms
2420_26,,2420,48.46416667,-58.63138889,Sept 1/21,,UDP0187_i7,UDP0187_i5,41 fathoms
2420_27,,2420,48.46416667,-58.63138889,Sept 1/21,,UDP0188_i7,UDP0188_i5,41 fathoms
2420_28,,2420,48.46416667,-58.63138889,Sept 1/21,,UDP0189_i7,UDP0189_i5,41 fathoms
2420_29,,2420,48.46416667,-58.63138889,Sept 1/21,,UDP0190_i7,UDP0190_i5,41 fathoms
2420_3,,2420,48.46416667,-58.63138889,Sept 1/21,,UDP0164_i7,UDP0164_i5,41 fathoms
2420_30,,2420,48.46416667,-58.63138889,Sept 1/21,,UDP0191_i7,UDP0191_i5,41 fathoms
2420_32,,2420,48.464167,-58.631389,Sept 1/21,,UDP0098_i7,UDP0098_i5,41 fathoms
2420_33,,2420,48.464167,-58.631389,Sept 1/21,,UDP0099_i7,UDP0099_i5,41 fathoms
2420_34,,2420,48.464167,-58.631389,Sept 1/21,,UDP0100_i7,UDP0100_i5,41 fathoms
2420_35,,2420,48.464167,-58.631389,Sept 1/21,,UDP0101_i7,UDP0101_i5,41 fathoms
2420_4,,2420,48.46416667,-58.63138889,Sept 1/21,,UDP0165_i7,UDP0165_i5,41 fathoms
2420_5,,2420,48.46416667,-58.63138889,Sept 1/21,,UDP0166_i7,UDP0166_i5,41 fathoms
2420_6,,2420,48.46416667,-58.63138889,Sept 1/21,,UDP0167_i7,UDP0167_i5,41 fathoms
2420_7,,2420,48.46416667,-58.63138889,Sept 1/21,,UDP0168_i7,UDP0168_i5,41 fathoms
2420_8,,2420,48.46416667,-58.63138889,Sept 1/21,,UDP0169_i7,UDP0169_i5,41 fathoms
2420_9,,2420,48.46416667,-58.63138889,Sept 1/21,,UDP0170_i7,UDP0170_i5,41 fathoms
3B49,3B49,3B,50.33,-56.04,2020,Snow Crab 12 (2020),UDP0193_i7,UDP0193_i5,
3B50,,3B,50.33,-56.04,2020,Snow Crab 12 (2020),UDP0194_i7,UDP0194_i5,
3B51,,3B,50.33,-56.04,2020,Snow Crab 12 (2020),UDP0195_i7,UDP0195_i5,
3B52,,3B,50.33,-56.04,2020,Snow Crab 12 (2020),UDP0196_i7,UDP0196_i5,
3B53,,3B,50.33,-56.04,2020,Snow Crab 12 (2020),UDP0197_i7,UDP0197_i5,
3B54,,3B,50.33,-56.04,2020,Snow Crab 12 (2020),UDP0198_i7,UDP0198_i5,
3B55,,3B,50.33,-56.04,2020,Snow Crab 12 (2020),UDP0199_i7,UDP0199_i5,
3B56,,3B,50.33,-56.04,2020,Snow Crab 12 (2020),UDP0200_i7,UDP0200_i5,
3B57,,3B,50.33,-56.04,2020,Snow Crab 12 (2020),UDP0201_i7,UDP0201_i5,
3B58,,3B,50.33,-56.04,2020,Snow Crab 12 (2020),UDP0202_i7,UDP0202_i5,
3B59,,3B,50.33,-56.04,2020,Snow Crab 12 (2020),UDP0203_i7,UDP0203_i5,
3B60,,3B,50.33,-56.04,2020,Snow Crab 12 (2020),UDP0204_i7,UDP0204_i5,
3B61,,3B,50.33,-56.04,2020,Snow Crab 12 (2020),UDP0205_i7,UDP0205_i5,
3B62,,3B,50.33,-56.04,2020,Snow Crab 12 (2020),UDP0206_i7,UDP0206_i5,
3B63,,3B,50.33,-56.04,2020,Snow Crab 12 (2020),UDP0207_i7,UDP0207_i5,
3B64,,3B,50.33,-56.04,2020,Snow Crab 12 (2020),UDP0208_i7,UDP0208_i5,
3B65,,3B,50.33,-56.04,2020,Snow Crab 12 (2020),UDP0209_i7,UDP0209_i5,
3B66,,3B,50.33,-56.04,2020,Snow Crab 12 (2020),UDP0210_i7,UDP0210_i5,
3B67,,3B,50.33,-56.04,2020,Snow Crab 12 (2020),UDP0211_i7,UDP0211_i5,
3B68,,3B,50.33,-56.04,2020,Snow Crab 12 (2020),UDP0212_i7,UDP0212_i5,
3B69,,3B,50.33,-56.04,2020,Snow Crab 12 (2020),UDP0213_i7,UDP0213_i5,
3B70,,3B,50.33,-56.04,2020,Snow Crab 12 (2020),UDP0214_i7,UDP0214_i5,
3B71,,3B,50.33,-56.04,2020,Snow Crab 12 (2020),UDP0215_i7,UDP0215_i5,
3B72,,3B,50.33,-56.04,2020,Snow Crab 12 (2020),UDP0216_i7,UDP0216_i5,
3B73,,3B,50.33,-56.04,2020,Snow Crab 12 (2020),UDP0217_i7,UDP0217_i5,
3B74,,3B,50.33,-56.04,2020,Snow Crab 12 (2020),UDP0218_i7,UDP0218_i5,
3B75,,3B,50.33,-56.04,2020,Snow Crab 12 (2020),UDP0219_i7,UDP0219_i5,
3B76,,3B,50.33,-56.04,2020,Snow Crab 12 (2020),UDP0220_i7,UDP0220_i5,
3B77,,3B,50.33,-56.04,2020,Snow Crab 12 (2020),UDP0221_i7,UDP0221_i5,
3B78,,3B,50.33,-56.04,2020,Snow Crab 12 (2020),UDP0222_i7,UDP0222_i5,
3B79,,3B,50.33,-56.04,2020,Snow Crab 12 (2020),UDP0223_i7,UDP0223_i5,
3B80,,3B,50.33,-56.04,2020,Snow Crab 12 (2020),UDP0224_i7,UDP0224_i5,
3B81,,3B,50.33,-56.04,2020,Snow Crab 12 (2020),UDP0225_i7,UDP0225_i5,
3B82,,3B,50.33,-56.04,2020,Snow Crab 12 (2020),UDP0226_i7,UDP0226_i5,
3B83,,3B,50.33,-56.04,2020,Snow Crab 12 (2020),UDP0227_i7,UDP0227_i5,
3D_1,,,49.738333,-54.999333,2021,Snow Crab 3 (Lib7) 2056,UDP0097_i7,UDP0097_i5,
3D_10,,,49.738333,-54.999333,2021,Snow Crab 3 (Lib7) 2065,UDP0097_i7,UDP0097_i5,
3D_11,,,49.738333,-54.999333,2021,Snow Crab 3 (Lib7) 2066,UDP0097_i7,UDP0097_i5,
3D_12,,,49.738333,-54.999333,2021,Snow Crab 3 (Lib7) 2067,UDP0097_i7,UDP0097_i5,
3D_13,,,49.738333,-54.999333,2021,Snow Crab 3 (Lib7) 2068,UDP0097_i7,UDP0097_i5,
3D_14,,,49.738333,-54.999333,2021,Snow Crab 3 (Lib7) 2069,UDP0097_i7,UDP0097_i5,
3D_15,,,49.738333,-54.999333,2021,Snow Crab 3 (Lib7) 2070,UDP0097_i7,UDP0097_i5,
3D_16,,,49.738333,-54.999333,2021,Snow Crab 3 (Lib7) 2071,UDP0097_i7,UDP0097_i5,
3D_17,,,49.738333,-54.999333,2021,Snow Crab 3 (Lib7) 2072,UDP0097_i7,UDP0097_i5,
3D_18,,,49.738333,-54.999333,2021,Snow Crab 3 (Lib7) 2073,UDP0097_i7,UDP0097_i5,
3D_19,,,49.738333,-54.999333,2021,Snow Crab 3 (Lib7) 2074,UDP0097_i7,UDP0097_i5,
3D_2,,,49.738333,-54.999333,2021,Snow Crab 3 (Lib7) 2057,UDP0097_i7,UDP0097_i5,
3D_20,,,49.738333,-54.999333,2021,Snow Crab 3 (Lib7) 2075,UDP0097_i7,UDP0097_i5,
3D_21,,,49.738333,-54.999333,2021,Snow Crab 3 (Lib7) 2076,UDP0097_i7,UDP0097_i5,
3D_22,,,49.738333,-54.999333,2021,Snow Crab 3 (Lib7) 2077,UDP0097_i7,UDP0097_i5,
3D_23,,,49.738333,-54.999333,2021,Snow Crab 3 (Lib7) 2078,UDP0097_i7,UDP0097_i5,
3D_24,,,49.738333,-54.999333,2021,Snow Crab 3 (Lib7) 2079,UDP0097_i7,UDP0097_i5,
3D_25,,,49.738333,-54.999333,2021,Snow Crab 3 (Lib7) 2080,UDP0097_i7,UDP0097_i5,
3D_26,,,49.738333,-54.999333,2021,Snow Crab 3 (Lib7) 2081,UDP0097_i7,UDP0097_i5,
3D_27,,,49.738333,-54.999333,2021,Snow Crab 3 (Lib7) 2082,UDP0097_i7,UDP0097_i5,
3D_28,,,49.738333,-54.999333,2021,Snow Crab 3 (Lib7) 2083,UDP0097_i7,UDP0097_i5,
3D_29,,,49.738333,-54.999333,2021,Snow Crab 3 (Lib7) 2084,UDP0097_i7,UDP0097_i5,
3D_3,,,49.738333,-54.999333,2021,Snow Crab 3 (Lib7) 2058,UDP0097_i7,UDP0097_i5,
3D_30,,,49.738333,-54.999333,2021,Snow Crab 3 (Lib7) 2085,UDP0097_i7,UDP0097_i5,
3D_31,,,49.738333,-54.999333,2021,Snow Crab 3 (Lib7) 2086,UDP0097_i7,UDP0097_i5,
3D_32,,,49.738333,-54.999333,2021,Snow Crab 3 (Lib7) 2087,UDP0097_i7,UDP0097_i5,
3D_33,,,49.738333,-54.999333,2021,Snow Crab 3 (Lib7) 2088,UDP0097_i7,UDP0097_i5,
3D_34,,,49.738333,-54.999333,2021,Snow Crab 3 (Lib7) 2089,UDP0097_i7,UDP0097_i5,
3D_35,,,49.738333,-54.999333,2021,Snow Crab 3 (Lib7) 2090,UDP0097_i7,UDP0097_i5,
3D_4,,,49.738333,-54.999333,2021,Snow Crab 3 (Lib7) 2059,UDP0097_i7,UDP0097_i5,
3D_5,,,49.738333,-54.999333,2021,Snow Crab 3 (Lib7) 2060,UDP0097_i7,UDP0097_i5,
3D_6,,,49.738333,-54.999333,2021,Snow Crab 3 (Lib7) 2061,UDP0097_i7,UDP0097_i5,
3D_7,,,49.738333,-54.999333,2021,Snow Crab 3 (Lib7) 2062,UDP0097_i7,UDP0097_i5,
3D_8,,,49.738333,-54.999333,2021,Snow Crab 3 (Lib7) 2063,UDP0097_i7,UDP0097_i5,
3D_9,,,49.738333,-54.999333,2021,Snow Crab 3 (Lib7) 2064,UDP0097_i7,UDP0097_i5,
3N_1,,3N200 (3N),43.75,-49.3,2020,Snow Crab 22 (2020),UDP0278_i7,UDP0278_i5,
3N_10,,3N200 (3N),43.75,-49.3,2020,Snow Crab 22 (2020),UDP0282_i7,UDP0282_i5,
3N_11,,3N200 (3N),43.75,-49.3,2020,Snow Crab 22 (2020),UDP0283_i7,UDP0283_i5,
3N_12,,3N200 (3N),43.75,-49.3,2020,Snow Crab 22 (2020),UDP0284_i7,UDP0284_i5,
3N_13,,3N200 (3N),43.75,-49.3,2020,Snow Crab 22 (2020),UDP0285_i7,UDP0285_i5,
3N_14,,3N200 (3N),43.75,-49.3,2020,Snow Crab 22 (2020),UDP0286_i7,UDP0286_i5,
3N_15,,3N200 (3N),43.75,-49.3,2020,Snow Crab 22 (2020),UDP0287_i7,UDP0287_i5,
3N_17,3N17,3N200 (3N),43.75,-49.3,2020,Snow Crab 22 (2020),UDP0289_i7,UDP0289_i5,
3N_18,3N18,3N200 (3N),43.75,-49.3,2020,Snow Crab 22 (2020),UDP0290_i7,UDP0290_i5,
3N_19,3N19,3N200 (3N),43.75,-49.3,2020,Snow Crab 22 (2020),UDP0291_i7,UDP0291_i5,
3N_2,,3N200 (3N),43.75,-49.3,2020,Snow Crab 22 (2020),UDP0279_i7,UDP0279_i5,
3N_20,3N20,3N200 (3N),43.75,-49.3,2020,Snow Crab 22 (2020),UDP0292_i7,UDP0292_i5,
3N_21,3N21,3N200 (3N),43.75,-49.3,2020,Snow Crab 22 (2020),UDP0293_i7,UDP0293_i5,
3N_22,3N22,3N200 (3N),43.75,-49.3,2020,Snow Crab 22 (2020),UDP0294_i7,UDP0294_i5,
3N_23,3N23,3N200 (3N),43.75,-49.3,2020,Snow Crab 22 (2020),UDP0295_i7,UDP0295_i5,
3N_24,3N24,3N200 (3N),43.75,-49.3,2020,Snow Crab 22 (2020),UDP0296_i7,UDP0296_i5,
3N_25,3N25,3N200 (3N),43.75,-49.3,2020,Snow Crab 22 (2020),UDP0297_i7,UDP0297_i5,
3N_26,3N26,3N200 (3N),43.75,-49.3,2020,Snow Crab 22 (2020),UDP0298_i7,UDP0298_i5,
3N_27,3N27,3N200 (3N),43.75,-49.3,2020,Snow Crab 22 (2020),UDP0299_i7,UDP0299_i5,
3N_28,3N28,3N200 (3N),43.75,-49.3,2020,Snow Crab 22 (2020),UDP0300_i7,UDP0300_i5,
3N_29,3N29,3N200 (3N),43.75,-49.3,2020,Snow Crab 22 (2020),UDP0301_i7,UDP0301_i5,
3N_3,,3N200 (3N),43.75,-49.3,2020,Snow Crab 22 (2020),UDP0280_i7,UDP0280_i5,
3N_30,3N30,3N200 (3N),43.75,-49.3,2020,Snow Crab 22 (2020),UDP0302_i7,UDP0302_i5,
3N_31,3N31,3N200 (3N),43.75,-49.3,2020,Snow Crab 22 (2020),UDP0303_i7,UDP0303_i5,
3N_32,3N32,3N200 (3N),43.75,-49.3,2020,Snow Crab 22 (2020),UDP0304_i7,UDP0304_i5,
3N_9,,3N200 (3N),43.75,-49.3,2020,Snow Crab 22 (2020),UDP0281_i7,UDP0281_i5,
3N33,3N33,3N200 (3N),43.75,-49.3,2020,Snow Crab 22 (2020),UDP0305_i7,UDP0305_i5,
4_1,1-Apr,Management Area 4,52.09,-52.88,2020,Snow Crab 17 (2020),UDP0233_i7,UDP0233_i5,
4_10,10-Apr,Management Area 4,52.09,-52.88,2020,Snow Crab 17 (2020),UDP0242_i7,UDP0242_i5,
4_11,11-Apr,Management Area 4,52.09,-52.88,2020,Snow Crab 17 (2020),UDP0243_i7,UDP0243_i5,
4_12,12-Apr,Management Area 4,52.09,-52.88,2020,Snow Crab 17 (2020),UDP0244_i7,UDP0244_i5,
4_13,13-Apr,Management Area 4,52.09,-52.88,2020,Snow Crab 17 (2020),UDP0245_i7,UDP0245_i5,
4_14,14-Apr,Management Area 4,52.09,-52.88,2020,Snow Crab 17 (2020),UDP0246_i7,UDP0246_i5,
4_15,15-Apr,Management Area 4,52.09,-52.88,2020,Snow Crab 17 (2020),UDP0247_i7,UDP0247_i5,
4_17,17-Apr,Management Area 4,52.09,-52.88,2020,Snow Crab 17 (2020),UDP0249_i7,UDP0249_i5,
4_18,18-Apr,Management Area 4,52.09,-52.88,2020,Snow Crab 17 (2020),UDP0250_i7,UDP0250_i5,
4_19,19-Apr,Management Area 4,52.09,-52.88,2020,Snow Crab 17 (2020),UDP0251_i7,UDP0251_i5,
4_2,2-Apr,Management Area 4,52.09,-52.88,2020,Snow Crab 17 (2020),UDP0234_i7,UDP0234_i5,
4_20,20-Apr,Management Area 4,52.09,-52.88,2020,Snow Crab 17 (2020),UDP0252_i7,UDP0252_i5,
4_21,21-Apr,Management Area 4,52.09,-52.88,2020,Snow Crab 17 (2020),UDP0253_i7,UDP0253_i5,
4_22,22-Apr,Management Area 4,52.09,-52.88,2020,Snow Crab 17 (2020),UDP0254_i7,UDP0254_i5,
4_23,23-Apr,Management Area 4,52.09,-52.88,2020,Snow Crab 17 (2020),UDP0255_i7,UDP0255_i5,
4_25,25-Apr,Management Area 4,52.09,-52.88,2020,Snow Crab 17 (2020),UDP0257_i7,UDP0257_i5,
4_26,26-Apr,Management Area 4,52.09,-52.88,2020,Snow Crab 17 (2020),UDP0258_i7,UDP0258_i5,
4_27,27-Apr,Management Area 4,52.09,-52.88,2020,Snow Crab 17 (2020),UDP0259_i7,UDP0259_i5,
4_28,28-Apr,Management Area 4,52.09,-52.88,2020,Snow Crab 17 (2020),UDP0260_i7,UDP0260_i5,
4_29,29-Apr,Management Area 4,52.09,-52.88,2020,Snow Crab 17 (2020),UDP0261_i7,UDP0261_i5,
4_3,3-Apr,Management Area 4,52.09,-52.88,2020,Snow Crab 17 (2020),UDP0235_i7,UDP0235_i5,
4_30,30-Apr,Management Area 4,52.09,-52.88,2020,Snow Crab 17 (2020),UDP0262_i7,UDP0262_i5,
4_31,Apr-31,Management Area 4,52.09,-52.88,2020,Snow Crab 17 (2020),UDP0263_i7,UDP0263_i5,
4_33,Apr-33,Management Area 4,52.09,-52.88,2020,Snow Crab 17 (2020),UDP0265_i7,UDP0265_i5,
4_34,Apr-34,Management Area 4,52.09,-52.88,2020,Snow Crab 17 (2020),UDP0266_i7,UDP0266_i5,
4_35,,Management Area 4,52.09,-52.88,2020,Snow Crab 17 (2020),UDP0267_i7,UDP0267_i5,
4_36,Apr-36,Management Area 4,52.09,-52.88,2020,Snow Crab 17 (2020),UDP0268_i7,UDP0268_i5,
4_37,Apr-37,Management Area 4,52.09,-52.88,2020,Snow Crab 17 (2020),UDP0269_i7,UDP0269_i5,
4_38,Apr-38,Management Area 4,52.09,-52.88,2020,Snow Crab 17 (2020),UDP0270_i7,UDP0270_i5,
4_39,Apr-39,Management Area 4,52.09,-52.88,2020,Snow Crab 17 (2020),UDP0271_i7,UDP0271_i5,
4_4,4-Apr,Management Area 4,52.09,-52.88,2020,Snow Crab 17 (2020),UDP0236_i7,UDP0236_i5,
4_5,5-Apr,Management Area 4,52.09,-52.88,2020,Snow Crab 17 (2020),UDP0237_i7,UDP0237_i5,
4_6,6-Apr,Management Area 4,52.09,-52.88,2020,Snow Crab 17 (2020),UDP0238_i7,UDP0238_i5,
4_7,7-Apr,Management Area 4,52.09,-52.88,2020,Snow Crab 17 (2020),UDP0239_i7,UDP0239_i5,
4_9,9-Apr,Management Area 4,52.09,-52.88,2020,Snow Crab 17 (2020),UDP0241_i7,UDP0241_i5,
4X_1,,,44.28166667,-63.73833333,2021,,UDP0152_i7,UDP0152_i5,
4X_10,,,44.28166667,-63.73833333,2021,,UDP0161_i7,UDP0161_i5,
4X_11,,,44.28166667,-63.73833333,2021,,UDP0162_i7,UDP0162_i5,
4X_12,,,44.28166667,-63.73833333,2021,,UDP0163_i7,UDP0163_i5,
4X_13,,,44.28166667,-63.73833333,2021,,UDP0164_i7,UDP0164_i5,
4X_14,,,44.28166667,-63.73833333,2021,,UDP0165_i7,UDP0165_i5,
4X_15,,,44.28166667,-63.73833333,2021,,UDP0166_i7,UDP0166_i5,
4X_16,,,44.28166667,-63.73833333,2021,,UDP0167_i7,UDP0167_i5,
4X_17,,,44.28166667,-63.73833333,2021,,UDP0168_i7,UDP0168_i5,
4X_18,,,44.28166667,-63.73833333,2021,,UDP0169_i7,UDP0169_i5,
4X_19,,,44.28166667,-63.73833333,2021,,UDP0170_i7,UDP0170_i5,
4X_2,,,44.28166667,-63.73833333,2021,,UDP0153_i7,UDP0153_i5,
4X_20,,,44.28166667,-63.73833333,2021,,UDP0171_i7,UDP0171_i5,
4X_21,,,44.28166667,-63.73833333,2021,,UDP0172_i7,UDP0172_i5,
4X_22,,,44.28166667,-63.73833333,2021,,UDP0173_i7,UDP0173_i5,
4X_23,,,44.28166667,-63.73833333,2021,,UDP0174_i7,UDP0174_i5,
4X_24,,,44.28166667,-63.73833333,2021,,UDP0175_i7,UDP0175_i5,
4X_25,,,44.28166667,-63.73833333,2021,,UDP0176_i7,UDP0176_i5,
4X_26,,,44.28166667,-63.73833333,2021,,UDP0177_i7,UDP0177_i5,
4X_27,,,44.28166667,-63.73833333,2021,,UDP0178_i7,UDP0178_i5,
4X_28,,,44.28166667,-63.73833333,2021,,UDP0179_i7,UDP0179_i5,
4X_29,,,44.28166667,-63.73833333,2021,,UDP0180_i7,UDP0180_i5,
4X_3,,,44.28166667,-63.73833333,2021,,UDP0154_i7,UDP0154_i5,
4X_30,,,44.28166667,-63.73833333,2021,,UDP0181_i7,UDP0181_i5,
4X_31,,,44.28166667,-63.73833333,2021,,UDP0182_i7,UDP0182_i5,
4X_32,,,44.28166667,-63.73833333,2021,,UDP0183_i7,UDP0183_i5,
4X_33,,,44.28166667,-63.73833333,2021,,UDP0184_i7,UDP0184_i5,
4X_34,,,44.28166667,-63.73833333,2021,,UDP0185_i7,UDP0185_i5,
4X_35,,,44.28166667,-63.73833333,2021,,UDP0186_i7,UDP0186_i5,
4X_4,,,44.28166667,-63.73833333,2021,,UDP0155_i7,UDP0155_i5,
4X_5,,,44.28166667,-63.73833333,2021,,UDP0156_i7,UDP0156_i5,
4X_6,,,44.28166667,-63.73833333,2021,,UDP0157_i7,UDP0157_i5,
4X_7,,,44.28166667,-63.73833333,2021,,UDP0158_i7,UDP0158_i5,
4X_8,,,44.28166667,-63.73833333,2021,,UDP0159_i7,UDP0159_i5,
4X_9,,,44.28166667,-63.73833333,2021,,UDP0160_i7,UDP0160_i5,
5A1,,5A (Bonavista),48.99,-53.12,2020,Snow Crab 14 (2020),UDP0193_i7,UDP0193_i5,
5A10,,5A (Bonavista),48.99,-53.12,2020,Snow Crab 14 (2020),UDP0202_i7,UDP0202_i5,
5A11,,5A (Bonavista),48.99,-53.12,2020,Snow Crab 14 (2020),UDP0203_i7,UDP0203_i5,
5A12,,5A (Bonavista),48.99,-53.12,2020,Snow Crab 14 (2020),UDP0204_i7,UDP0204_i5,
5A13,,5A (Bonavista),48.99,-53.12,2020,Snow Crab 14 (2020),UDP0205_i7,UDP0205_i5,
5A14,,5A (Bonavista),48.99,-53.12,2020,Snow Crab 14 (2020),UDP0206_i7,UDP0206_i5,
5A15,,5A (Bonavista),48.99,-53.12,2020,Snow Crab 14 (2020),UDP0207_i7,UDP0207_i5,
5A16,,5A (Bonavista),48.99,-53.12,2020,Snow Crab 14 (2020),UDP0208_i7,UDP0208_i5,
5A18,,5A (Bonavista),48.99,-53.12,2020,Snow Crab 14 (2020),UDP0210_i7,UDP0210_i5,
5A19,,5A (Bonavista),48.99,-53.12,2020,Snow Crab 14 (2020),UDP0211_i7,UDP0211_i5,
5A2,,5A (Bonavista),48.99,-53.12,2020,Snow Crab 14 (2020),UDP0194_i7,UDP0194_i5,
5A20,,5A (Bonavista),48.99,-53.12,2020,Snow Crab 14 (2020),UDP0212_i7,UDP0212_i5,
5A21,,5A (Bonavista),48.99,-53.12,2020,Snow Crab 14 (2020),UDP0213_i7,UDP0213_i5,
5A22,,5A (Bonavista),48.99,-53.12,2020,Snow Crab 14 (2020),UDP0214_i7,UDP0214_i5,
5A23,,5A (Bonavista),48.99,-53.12,2020,Snow Crab 14 (2020),UDP0215_i7,UDP0215_i5,
5A24,,5A (Bonavista),48.99,-53.12,2020,Snow Crab 14 (2020),UDP0216_i7,UDP0216_i5,
5A25,,5A (Bonavista),48.99,-53.12,2020,Snow Crab 14 (2020),UDP0217_i7,UDP0217_i5,
5A26,,5A (Bonavista),48.99,-53.12,2020,Snow Crab 14 (2020),UDP0218_i7,UDP0218_i5,
5A27,,5A (Bonavista),48.99,-53.12,2020,Snow Crab 14 (2020),UDP0219_i7,UDP0219_i5,
5A28,,5A (Bonavista),48.99,-53.12,2020,Snow Crab 14 (2020),UDP0220_i7,UDP0220_i5,
5A29,,5A (Bonavista),48.99,-53.12,2020,Snow Crab 14 (2020),UDP0221_i7,UDP0221_i5,
5A3,,5A (Bonavista),48.99,-53.12,2020,Snow Crab 14 (2020),UDP0195_i7,UDP0195_i5,
5A30,,5A (Bonavista),48.99,-53.12,2020,Snow Crab 14 (2020),UDP0222_i7,UDP0222_i5,
5A31,,5A (Bonavista),48.99,-53.12,2020,Snow Crab 14 (2020),UDP0223_i7,UDP0223_i5,
5A32,,5A (Bonavista),48.99,-53.12,2020,Snow Crab 14 (2020),UDP0224_i7,UDP0224_i5,
5A34,,5A (Bonavista),48.99,-53.12,2020,Snow Crab 14 (2020),UDP0225_i7,UDP0225_i5,
5A35,,5A (Bonavista),48.99,-53.12,2020,Snow Crab 14 (2020),UDP0226_i7,UDP0226_i5,
5A36,,5A (Bonavista),48.99,-53.12,2020,Snow Crab 14 (2020),UDP0227_i7,UDP0227_i5,
5A4,,5A (Bonavista),48.99,-53.12,2020,Snow Crab 14 (2020),UDP0196_i7,UDP0196_i5,
5A48,,5A (Bonavista),48.99,-53.12,2020,Snow Crab 14 (2020),UDP0209_i7,UDP0209_i5,
5A5,,5A (Bonavista),48.99,-53.12,2020,Snow Crab 14 (2020),UDP0197_i7,UDP0197_i5,
5A6,,5A (Bonavista),48.99,-53.12,2020,Snow Crab 14 (2020),UDP0198_i7,UDP0198_i5,
5A7,,5A (Bonavista),48.99,-53.12,2020,Snow Crab 14 (2020),UDP0199_i7,UDP0199_i5,
5A8,,5A (Bonavista),48.99,-53.12,2020,Snow Crab 14 (2020),UDP0200_i7,UDP0200_i5,
5A9,,5A (Bonavista),48.99,-53.12,2020,Snow Crab 14 (2020),UDP0201_i7,UDP0201_i5,
6222_1,,6222,49.48417,-57.91778,2021,,UDP0127_i7,UDP0127_i5,49
6222_10,,6222,49.48417,-57.91778,2021,,UDP0136_i7,UDP0136_i5,49
6222_11,,6222,49.48417,-57.91778,2021,,UDP0137_i7,UDP0137_i5,49
6222_12,,6222,49.48417,-57.91778,2021,,UDP0138_i7,UDP0138_i5,49
6222_13,,6222,49.48417,-57.91778,2021,,UDP0139_i7,UDP0139_i5,49
6222_14,,6222,49.48417,-57.91778,2021,,UDP0140_i7,UDP0140_i5,49
6222_15,,6222,49.48417,-57.91778,2021,,UDP0141_i7,UDP0141_i5,49
6222_16,,6222,49.48417,-57.91778,2021,,UDP0142_i7,UDP0142_i5,49
6222_17,,6222,49.48417,-57.91778,2021,,UDP0143_i7,UDP0143_i5,49
6222_18,,6222,49.48417,-57.91778,2021,,UDP0144_i7,UDP0144_i5,49
6222_19,,6222,49.48417,-57.91778,2021,,UDP0145_i7,UDP0145_i5,49
6222_2,,6222,49.48417,-57.91778,2021,,UDP0128_i7,UDP0128_i5,49
6222_20,,6222,49.48417,-57.91778,2021,,UDP0146_i7,UDP0146_i5,49
6222_21,,6222,49.48417,-57.91778,2021,,UDP0147_i7,UDP0147_i5,49
6222_22,,6222,49.48417,-57.91778,2021,,UDP0148_i7,UDP0148_i5,49
6222_23,,6222,49.48417,-57.91778,2021,,UDP0149_i7,UDP0149_i5,49
6222_24,,6222,49.48417,-57.91778,2021,,UDP0150_i7,UDP0150_i5,49
6222_25,,6222,49.48417,-57.91778,2021,,UDP0151_i7,UDP0151_i5,49
6222_26,,6222,49.48417,-57.91778,2021,,UDP0152_i7,UDP0152_i5,49
6222_27,,6222,49.48417,-57.91778,2021,,UDP0153_i7,UDP0153_i5,49
6222_28,,6222,49.48417,-57.91778,2021,,UDP0154_i7,UDP0154_i5,49
6222_29,,6222,49.48417,-57.91778,2021,,UDP0155_i7,UDP0155_i5,49
6222_3,,6222,49.48417,-57.91778,2021,,UDP0129_i7,UDP0129_i5,49
6222_30,,6222,49.48417,-57.91778,2021,,UDP0156_i7,UDP0156_i5,49
6222_31,,6222,49.48417,-57.91778,2021,,UDP0157_i7,UDP0157_i5,49
6222_32,,6222,49.48417,-57.91778,2021,,UDP0158_i7,UDP0158_i5,49
6222_33,,6222,49.48417,-57.91778,2021,,UDP0159_i7,UDP0159_i5,49
6222_34,,6222,49.48417,-57.91778,2021,,UDP0160_i7,UDP0160_i5,49
6222_35,,6222,49.48417,-57.91778,2021,,UDP0161_i7,UDP0161_i5,49
6222_4,,6222,49.48417,-57.91778,2021,,UDP0130_i7,UDP0130_i5,49
6222_5,,6222,49.48417,-57.91778,2021,,UDP0131_i7,UDP0131_i5,49
6222_6,,6222,49.48417,-57.91778,2021,,UDP0132_i7,UDP0132_i5,49
6222_7,,6222,49.48417,-57.91778,2021,,UDP0133_i7,UDP0133_i5,49
6222_8,,6222,49.48417,-57.91778,2021,,UDP0134_i7,UDP0134_i5,49
6222_9,,6222,49.48417,-57.91778,2021,,UDP0135_i7,UDP0135_i5,49
6B1,6B1,6B,47.95,-52.84,2020,Snow Crab 13 (2020),UDP0228_i7,UDP0228_i5,
6B11,6B11,6B,47.95,-52.84,2020,Snow Crab 13 (2020),UDP0241_i7,UDP0241_i5,
6B15,,6B,47.95,-52.84,2020,Snow Crab 13 (2020),UDP0244_i7,UDP0244_i5,
6B16,,6B,47.95,-52.84,2020,Snow Crab 13 (2020),UDP0253_i7,UDP0253_i5,
6B17,6B17,6B,47.95,-52.84,2020,Snow Crab 13 (2020),UDP0233_i7,UDP0233_i5,
6B18,6B18,6B,47.95,-52.84,2020,Snow Crab 13 (2020),UDP0234_i7,UDP0234_i5,
6B19,,6B,47.95,-52.84,2020,Snow Crab 13 (2020),UDP0235_i7,UDP0235_i5,
6B2,6B2,6B,47.95,-52.84,2020,Snow Crab 13 (2020),UDP0229_i7,UDP0229_i5,
6B20,,6B,47.95,-52.84,2020,Snow Crab 13 (2020),UDP0236_i7,UDP0236_i5,
6B21,6B21,6B,47.95,-52.84,2020,Snow Crab 13 (2020),UDP0237_i7,UDP0237_i5,
6B22,6B22,6B,47.95,-52.84,2020,Snow Crab 13 (2020),UDP0238_i7,UDP0238_i5,
6B23,6B23,6B,47.95,-52.84,2020,Snow Crab 13 (2020),UDP0239_i7,UDP0239_i5,
6B24,6B24,6B,47.95,-52.84,2020,Snow Crab 13 (2020),UDP0240_i7,UDP0240_i5,
6B26,6B26,6B,47.95,-52.84,2020,Snow Crab 13 (2020),UDP0262_i7,UDP0262_i5,
6B28,6B28,6B,47.95,-52.84,2020,Snow Crab 13 (2020),UDP0242_i7,UDP0242_i5,
6B29,6B29,6B,47.95,-52.84,2020,Snow Crab 13 (2020),UDP0243_i7,UDP0243_i5,
6B3,6B3,6B,47.95,-52.84,2020,Snow Crab 13 (2020),UDP0230_i7,UDP0230_i5,
6B30,6B30,6B,47.95,-52.84,2020,Snow Crab 13 (2020),UDP0231_i7,UDP0231_i5,
6B31,6B31,6B,47.95,-52.84,2020,Snow Crab 13 (2020),UDP0245_i7,UDP0245_i5,
6B32,6B32,6B,47.95,-52.84,2020,Snow Crab 13 (2020),UDP0246_i7,UDP0246_i5,
6B33,6B33,6B,47.95,-52.84,2020,Snow Crab 13 (2020),UDP0247_i7,UDP0247_i5,
6B34,6B34,6B,47.95,-52.84,2020,Snow Crab 13 (2020),UDP0248_i7,UDP0248_i5,
6B36,6B36,6B,47.95,-52.84,2020,Snow Crab 13 (2020),UDP0250_i7,UDP0250_i5,
6B37,6B37,6B,47.95,-52.84,2020,Snow Crab 13 (2020),UDP0251_i7,UDP0251_i5,
6B38,6B38,6B,47.95,-52.84,2020,Snow Crab 13 (2020),UDP0252_i7,UDP0252_i5,
6B39,,6B,47.95,-52.84,2020,Snow Crab 13 (2020),UDP0249_i7,UDP0249_i5,
6B41,6B41,6B,47.95,-52.84,2020,Snow Crab 13 (2020),UDP0254_i7,UDP0254_i5,
6B42,,6B,47.95,-52.84,2020,Snow Crab 13 (2020),UDP0257_i7,UDP0257_i5,
6B44,6B44,6B,47.95,-52.84,2020,Snow Crab 13 (2020),UDP0256_i7,UDP0256_i5,
6B46,6B46,6B,47.95,-52.84,2020,Snow Crab 13 (2020),UDP0258_i7,UDP0258_i5,
6B47,6B47,6B,47.95,-52.84,2020,Snow Crab 13 (2020),UDP0259_i7,UDP0259_i5,
6B48,6B48,6B,47.95,-52.84,2020,Snow Crab 13 (2020),UDP0260_i7,UDP0260_i5,
6B5,6B5,6B,47.95,-52.84,2020,Snow Crab 13 (2020),UDP0232_i7,UDP0232_i5,
6B7,6B7,6B,47.95,-52.84,2020,Snow Crab 13 (2020),UDP0255_i7,UDP0255_i5,
6B9,6B9,6B,47.95,-52.84,2020,Snow Crab 13 (2020),UDP0261_i7,UDP0261_i5,
8A1,,8A,46.83,-52.42,2020,Snow Crab 14 (2020),UDP0233_i7,UDP0233_i5,
8A10,,8A,46.83,-52.42,2020,Snow Crab 14 (2020),UDP0242_i7,UDP0242_i5,
8A11,,8A,46.83,-52.42,2020,Snow Crab 14 (2020),UDP0243_i7,UDP0243_i5,
8A12,,8A,46.83,-52.42,2020,Snow Crab 14 (2020),UDP0244_i7,UDP0244_i5,
8A13,,8A,46.83,-52.42,2020,Snow Crab 14 (2020),UDP0245_i7,UDP0245_i5,
8A14,,8A,46.83,-52.42,2020,Snow Crab 14 (2020),UDP0246_i7,UDP0246_i5,
8A15,,8A,46.83,-52.42,2020,Snow Crab 14 (2020),UDP0247_i7,UDP0247_i5,
8A16,,8A,46.83,-52.42,2020,Snow Crab 14 (2020),UDP0248_i7,UDP0248_i5,
8A17,,8A,46.83,-52.42,2020,Snow Crab 14 (2020),UDP0249_i7,UDP0249_i5,
8A18,,8A,46.83,-52.42,2020,Snow Crab 14 (2020),UDP0250_i7,UDP0250_i5,
8A19,,8A,46.83,-52.42,2020,Snow Crab 14 (2020),UDP0251_i7,UDP0251_i5,
8A2,,8A,46.83,-52.42,2020,Snow Crab 14 (2020),UDP0234_i7,UDP0234_i5,
8A20,,8A,46.83,-52.42,2020,Snow Crab 14 (2020),UDP0252_i7,UDP0252_i5,
8A21,,8A,46.83,-52.42,2020,Snow Crab 14 (2020),UDP0253_i7,UDP0253_i5,
8A22,,8A,46.83,-52.42,2020,Snow Crab 14 (2020),UDP0254_i7,UDP0254_i5,
8A23,,8A,46.83,-52.42,2020,Snow Crab 14 (2020),UDP0255_i7,UDP0255_i5,
8A24,,8A,46.83,-52.42,2020,Snow Crab 14 (2020),UDP0256_i7,UDP0256_i5,
8A26,,8A,46.83,-52.42,2020,Snow Crab 14 (2020),UDP0257_i7,UDP0257_i5,
8A27,,8A,46.83,-52.42,2020,Snow Crab 14 (2020),UDP0258_i7,UDP0258_i5,
8A28,,8A,46.83,-52.42,2020,Snow Crab 14 (2020),UDP0259_i7,UDP0259_i5,
8A29,,8A,46.83,-52.42,2020,Snow Crab 14 (2020),UDP0260_i7,UDP0260_i5,
8A3,,8A,46.83,-52.42,2020,Snow Crab 14 (2020),UDP0235_i7,UDP0235_i5,
8A30,,8A,46.83,-52.42,2020,Snow Crab 14 (2020),UDP0261_i7,UDP0261_i5,
8A31,,8A,46.83,-52.42,2020,Snow Crab 14 (2020),UDP0262_i7,UDP0262_i5,
8A4,,8A,46.83,-52.42,2020,Snow Crab 14 (2020),UDP0236_i7,UDP0236_i5,
8A41,,8A,46.83,-52.42,2020,Snow Crab 14 (2020),UDP0228_i7,UDP0228_i5,
8A42,,8A,46.83,-52.42,2020,Snow Crab 14 (2020),UDP0229_i7,UDP0229_i5,
8A43,,8A,46.83,-52.42,2020,Snow Crab 14 (2020),UDP0230_i7,UDP0230_i5,
8A44,,8A,46.83,-52.42,2020,Snow Crab 14 (2020),UDP0231_i7,UDP0231_i5,
8A46,,8A,46.83,-52.42,2020,Snow Crab 14 (2020),UDP0232_i7,UDP0232_i5,
8A5,,8A,46.83,-52.42,2020,Snow Crab 14 (2020),UDP0237_i7,UDP0237_i5,
8A6,,8A,46.83,-52.42,2020,Snow Crab 14 (2020),UDP0238_i7,UDP0238_i5,
8A7,,8A,46.83,-52.42,2020,Snow Crab 14 (2020),UDP0239_i7,UDP0239_i5,
8A8,,8A,46.83,-52.42,2020,Snow Crab 14 (2020),UDP0240_i7,UDP0240_i5,
8A9,,8A,46.83,-52.42,2020,Snow Crab 14 (2020),UDP0241_i7,UDP0241_i5,
AW_1,,R557_21,46.33333333,-57.25116667,Sept 22/21,,UDP0102_i7,UDP0102_i5,64-71 fathoms
AW_10,,R557_21,46.33333333,-57.25116667,Sept 22/21,,UDP0111_i7,UDP0111_i5,64-71 fathoms
AW_11,,R557_21,46.33333333,-57.25116667,Sept 22/21,,UDP0112_i7,UDP0112_i5,64-71 fathoms
AW_12,,R557_21,46.33333333,-57.25116667,Sept 22/21,,UDP0113_i7,UDP0113_i5,64-71 fathoms
AW_13,,R557_21,46.33333333,-57.25116667,Sept 22/21,,UDP0114_i7,UDP0114_i5,64-71 fathoms
AW_14,,R557_21,46.33333333,-57.25116667,Sept 22/21,,UDP0115_i7,UDP0115_i5,64-71 fathoms
AW_15,,R557_21,46.33333333,-57.25116667,Sept 22/21,,UDP0116_i7,UDP0116_i5,64-71 fathoms
AW_16,,R557_21,46.33333333,-57.25116667,Sept 22/21,,UDP0117_i7,UDP0117_i5,64-71 fathoms
AW_17,,R557_21,46.33333333,-57.25116667,Sept 22/21,,UDP0118_i7,UDP0118_i5,64-71 fathoms
AW_18,,R557_21,46.33333333,-57.25116667,Sept 22/21,,UDP0119_i7,UDP0119_i5,64-71 fathoms
AW_19,,R557_21,46.33333333,-57.25116667,Sept 22/21,,UDP0120_i7,UDP0120_i5,64-71 fathoms
AW_2,,R557_21,46.33333333,-57.25116667,Sept 22/21,,UDP0103_i7,UDP0103_i5,64-71 fathoms
AW_20,,R557_21,46.33333333,-57.25116667,Sept 22/21,,UDP0121_i7,UDP0121_i5,64-71 fathoms
AW_21,,R557_21,46.33333333,-57.25116667,Sept 22/21,,UDP0122_i7,UDP0122_i5,64-71 fathoms
AW_22,,R557_21,46.33333333,-57.25116667,Sept 22/21,,UDP0123_i7,UDP0123_i5,64-71 fathoms
AW_23,,R557_21,46.33333333,-57.25116667,Sept 22/21,,UDP0124_i7,UDP0124_i5,64-71 fathoms
AW_24,,R557_21,46.33333333,-57.25116667,Sept 22/21,,UDP0125_i7,UDP0125_i5,64-71 fathoms
AW_25,,R557_21,46.33333333,-57.25116667,Sept 22/21,,UDP0126_i7,UDP0126_i5,64-71 fathoms
AW_26,,R557_21,46.33333333,-57.25116667,Sept 22/21,,UDP0127_i7,UDP0127_i5,64-71 fathoms
AW_27,,R557_21,46.33333333,-57.25116667,Sept 22/21,,UDP0128_i7,UDP0128_i5,64-71 fathoms
AW_28,,R557_21,46.33333333,-57.25116667,Sept 22/21,,UDP0129_i7,UDP0129_i5,64-71 fathoms
AW_29,,R557_21,46.33333333,-57.25116667,Sept 22/21,,UDP0130_i7,UDP0130_i5,64-71 fathoms
AW_3,,R557_21,46.33333333,-57.25116667,Sept 22/21,,UDP0104_i7,UDP0104_i5,64-71 fathoms
AW_30,,R557_21,46.33333333,-57.25116667,Sept 22/21,,UDP0131_i7,UDP0131_i5,64-71 fathoms
AW_31,,R557_21,46.33333333,-57.25116667,Sept 22/21,,UDP0132_i7,UDP0132_i5,64-71 fathoms
AW_32,,R557_21,46.33333333,-57.25116667,Sept 22/21,,UDP0133_i7,UDP0133_i5,64-71 fathoms
AW_33,,R557_21,46.33333333,-57.25116667,Sept 22/21,,UDP0134_i7,UDP0134_i5,64-71 fathoms
AW_34,,R557_21,46.33333333,-57.25116667,Sept 22/21,,UDP0135_i7,UDP0135_i5,64-71 fathoms
AW_35,,R557_21,46.33333333,-57.25116667,Sept 22/21,,UDP0136_i7,UDP0136_i5,64-71 fathoms
AW_4,,R557_21,46.33333333,-57.25116667,Sept 22/21,,UDP0105_i7,UDP0105_i5,64-71 fathoms
AW_5,,R557_21,46.33333333,-57.25116667,Sept 22/21,,UDP0106_i7,UDP0106_i5,64-71 fathoms
AW_6,,R557_21,46.33333333,-57.25116667,Sept 22/21,,UDP0107_i7,UDP0107_i5,64-71 fathoms
AW_7,,R557_21,46.33333333,-57.25116667,Sept 22/21,,UDP0108_i7,UDP0108_i5,64-71 fathoms
AW_8,,R557_21,46.33333333,-57.25116667,Sept 22/21,,UDP0109_i7,UDP0109_i5,64-71 fathoms
AW_9,,R557_21,46.33333333,-57.25116667,Sept 22/21,,UDP0110_i7,UDP0110_i5,64-71 fathoms
BB_1,,Bradelle Bank_Male,47.43418333,-63.13306667,2020,Snow Crab 10 (2020),UDP0193_i7,UDP0193_i5,
BB_10,,Bradelle Bank_Male,47.43418333,-63.13306667,2020,Snow Crab 10 (2020),UDP0202_i7,UDP0202_i5,
BB_11,,Bradelle Bank_Male,47.43418333,-63.13306667,2020,Snow Crab 10 (2020),UDP0203_i7,UDP0203_i5,
BB_12,,Bradelle Bank_Male,47.43418333,-63.13306667,2020,Snow Crab 10 (2020),UDP0204_i7,UDP0204_i5,
BB_13,,Bradelle Bank_Male,47.43418333,-63.13306667,2020,Snow Crab 10 (2020),UDP0205_i7,UDP0205_i5,
BB_14,,Bradelle Bank_Male,47.43418333,-63.13306667,2020,Snow Crab 10 (2020),UDP0206_i7,UDP0206_i5,
BB_15,,Bradelle Bank_Male,47.43418333,-63.13306667,2020,Snow Crab 10 (2020),UDP0207_i7,UDP0207_i5,
BB_16,,Bradelle Bank_Male,47.43418333,-63.13306667,2020,Snow Crab 10 (2020),UDP0208_i7,UDP0208_i5,
BB_17,,Bradelle Bank_Male,47.43418333,-63.13306667,2020,Snow Crab 10 (2020),UDP0209_i7,UDP0209_i5,
BB_18,BBM18,Bradelle Bank_Male,47.43418333,-63.13306667,2020,Snow Crab 10 (2020),UDP0210_i7,UDP0210_i5,
BB_19,,Bradelle Bank_Male,47.43418333,-63.13306667,2020,Snow Crab 10 (2020),UDP0211_i7,UDP0211_i5,
BB_2,BBM2,Bradelle Bank_Male,47.43418333,-63.13306667,2020,Snow Crab 10 (2020),UDP0194_i7,UDP0194_i5,
BB_20,BBM20,Bradelle Bank_Male,47.43418333,-63.13306667,2020,Snow Crab 10 (2020),UDP0212_i7,UDP0212_i5,
BB_21,,Bradelle Bank_Male,47.43418333,-63.13306667,2020,Snow Crab 10 (2020),UDP0213_i7,UDP0213_i5,
BB_22,BBM22,Bradelle Bank_Male,47.43418333,-63.13306667,2020,Snow Crab 10 (2020),UDP0214_i7,UDP0214_i5,
BB_23,BBF21,Bradelle Bank_Female,47.43418333,-63.13306667,2020,Snow Crab 10 (2020),UDP0215_i7,UDP0215_i5,
BB_24,BBF23,Bradelle Bank_Female,47.43418333,-63.13306667,2020,Snow Crab 10 (2020),UDP0216_i7,UDP0216_i5,
BB_25,,Bradelle Bank_Female,47.43418333,-63.13306667,2020,Snow Crab 10 (2020),UDP0217_i7,UDP0217_i5,
BB_26,BBF16,Bradelle Bank_Female,47.43418333,-63.13306667,2020,Snow Crab 10 (2020),UDP0218_i7,UDP0218_i5,
BB_27,BBF20,Bradelle Bank_Female,47.43418333,-63.13306667,2020,Snow Crab 10 (2020),UDP0219_i7,UDP0219_i5,
BB_28,BBF14,Bradelle Bank_Female,47.43418333,-63.13306667,2020,Snow Crab 10 (2020),UDP0220_i7,UDP0220_i5,
BB_29,,Bradelle Bank_Female,47.43418333,-63.13306667,2020,Snow Crab 10 (2020),UDP0221_i7,UDP0221_i5,
BB_3,,Bradelle Bank_Male,47.43418333,-63.13306667,2020,Snow Crab 10 (2020),UDP0195_i7,UDP0195_i5,
BB_30,,Bradelle Bank_Female,47.43418333,-63.13306667,2020,Snow Crab 10 (2020),UDP0222_i7,UDP0222_i5,
BB_31,BBF11,Bradelle Bank_Female,47.43418333,-63.13306667,2020,Snow Crab 10 (2020),UDP0223_i7,UDP0223_i5,
BB_32,BBF4,Bradelle Bank_Female,47.43418333,-63.13306667,2020,Snow Crab 10 (2020),UDP0224_i7,UDP0224_i5,
BB_33,BBF5,Bradelle Bank_Female,47.43418333,-63.13306667,2020,Snow Crab 10 (2020),UDP0225_i7,UDP0225_i5,
BB_34,BBF19,Bradelle Bank_Female,47.43418333,-63.13306667,2020,Snow Crab 10 (2020),UDP0226_i7,UDP0226_i5,
BB_35,BBF7,Bradelle Bank_Female,47.43418333,-63.13306667,2020,Snow Crab 10 (2020),UDP0227_i7,UDP0227_i5,
BB_36,,Bradelle Bank_Female,47.43418333,-63.13306667,2020,Snow Crab 10 (2020),UDP0228_i7,UDP0228_i5,
BB_37,BBF17,Bradelle Bank_Female,47.43418333,-63.13306667,2020,Snow Crab 10 (2020),UDP0229_i7,UDP0229_i5,
BB_38,BBF26,Bradelle Bank_Female,47.43418333,-63.13306667,2020,Snow Crab 10 (2020),UDP0230_i7,UDP0230_i5,
BB_39,BBF13,Bradelle Bank_Female,47.43418333,-63.13306667,2020,Snow Crab 10 (2020),UDP0231_i7,UDP0231_i5,
BB_4,BBM4,Bradelle Bank_Male,47.43418333,-63.13306667,2020,Snow Crab 10 (2020),UDP0196_i7,UDP0196_i5,
BB_40,BBF8,Bradelle Bank_Female,47.43418333,-63.13306667,2020,Snow Crab 10 (2020),UDP0232_i7,UDP0232_i5,
BB_41,BBF9,Bradelle Bank_Female,47.43418333,-63.13306667,2020,Snow Crab 10 (2020),UDP0233_i7,UDP0233_i5,
BB_42,BBF18,Bradelle Bank_Female,47.43418333,-63.13306667,2020,Snow Crab 10 (2020),UDP0234_i7,UDP0234_i5,
BB_43,BBF15,Bradelle Bank_Female,47.43418333,-63.13306667,2020,Snow Crab 10 (2020),UDP0235_i7,UDP0235_i5,
BB_44,BBF3,Bradelle Bank_Female,47.43418333,-63.13306667,2020,Snow Crab 10 (2020),UDP0236_i7,UDP0236_i5,
BB_45,BBF12,Bradelle Bank_Female,47.43418333,-63.13306667,2020,Snow Crab 10 (2020),UDP0237_i7,UDP0237_i5,
BB_46,BBF2,Bradelle Bank_Female,47.43418333,-63.13306667,2020,Snow Crab 10 (2020),UDP0238_i7,UDP0238_i5,
BB_47,BBF25,Bradelle Bank_Female,47.43418333,-63.13306667,2020,Snow Crab 10 (2020),UDP0239_i7,UDP0239_i5,
BB_48,BBF10,Bradelle Bank_Female,47.43418333,-63.13306667,2020,Snow Crab 10 (2020),UDP0240_i7,UDP0240_i5,
BB_5,,Bradelle Bank_Male,47.43418333,-63.13306667,2020,Snow Crab 10 (2020),UDP0197_i7,UDP0197_i5,
BB_6,BBM6,Bradelle Bank_Male,47.43418333,-63.13306667,2020,Snow Crab 10 (2020),UDP0198_i7,UDP0198_i5,
BB_7,,Bradelle Bank_Male,47.43418333,-63.13306667,2020,Snow Crab 10 (2020),UDP0199_i7,UDP0199_i5,
BB_8,BBM8,Bradelle Bank_Male,47.43418333,-63.13306667,2020,Snow Crab 10 (2020),UDP0200_i7,UDP0200_i5,
BB_9,,Bradelle Bank_Male,47.43418333,-63.13306667,2020,Snow Crab 10 (2020),UDP0201_i7,UDP0201_i5,
BdC1,,Baie de Chaleur,47.83,-65.5,2020,Snow Crab 5 (2020),UDP0273_i7,UDP0273_i5,
BdC10,,Baie de Chaleur,47.83,-65.5,2020,Snow Crab 5 (2020),UDP0282_i7,UDP0282_i5,
BdC11,,Baie de Chaleur,47.83,-65.5,2020,Snow Crab 5 (2020),UDP0283_i7,UDP0283_i5,
BdC12,,Baie de Chaleur,47.83,-65.5,2020,Snow Crab 5 (2020),UDP0284_i7,UDP0284_i5,
BdC13,,Baie de Chaleur,47.83,-65.5,2020,Snow Crab 5 (2020),UDP0285_i7,UDP0285_i5,
BdC14,,Baie de Chaleur,47.83,-65.5,2020,Snow Crab 5 (2020),UDP0286_i7,UDP0286_i5,
BdC15,,Baie de Chaleur,47.83,-65.5,2020,Snow Crab 5 (2020),UDP0287_i7,UDP0287_i5,
BdC16,,Baie de Chaleur,47.83,-65.5,2020,Snow Crab 5 (2020),UDP0277_i7,UDP0277_i5,
BdC17,,Baie de Chaleur,47.83,-65.5,2020,Snow Crab 5 (2020),UDP0200_i7,UDP0200_i5,
BdC18,,Baie de Chaleur,47.83,-65.5,2020,Snow Crab 5 (2020),UDP0208_i7,UDP0208_i5,
BdC19,10B19,Baie de Chaleur,47.83,-65.5,2020,Snow Crab 5 (2020),UDP0216_i7,UDP0216_i5,
BdC2,,Baie de Chaleur,47.83,-65.5,2020,Snow Crab 5 (2020),UDP0274_i7,UDP0274_i5,
BdC20,,Baie de Chaleur,47.83,-65.5,2020,Snow Crab 5 (2020),UDP0224_i7,UDP0224_i5,
BdC21,,Baie de Chaleur,47.83,-65.5,2020,Snow Crab 5 (2020),UDP0232_i7,UDP0232_i5,
BdC22,,Baie de Chaleur,47.83,-65.5,2020,Snow Crab 5 (2020),UDP0240_i7,UDP0240_i5,
BdC23,,Baie de Chaleur,47.83,-65.5,2020,Snow Crab 5 (2020),UDP0248_i7,UDP0248_i5,
BdC24,,Baie de Chaleur,47.83,-65.5,2020,Snow Crab 5 (2020),UDP0256_i7,UDP0256_i5,
BdC25,,Baie de Chaleur,47.83,-65.5,2020,Snow Crab 5 (2020),UDP0264_i7,UDP0264_i5,
BdC26,,Baie de Chaleur,47.83,-65.5,2020,Snow Crab 5 (2020),UDP0272_i7,UDP0272_i5,
BdC27,,Baie de Chaleur,47.83,-65.5,2020,Snow Crab 5 (2020),UDP0273_i7,UDP0273_i5,
BdC28,,Baie de Chaleur,47.83,-65.5,2020,Snow Crab 5 (2020),UDP0274_i7,UDP0274_i5,
BdC29,,Baie de Chaleur,47.83,-65.5,2020,Snow Crab 5 (2020),UDP0275_i7,UDP0275_i5,
BdC3,,Baie de Chaleur,47.83,-65.5,2020,Snow Crab 5 (2020),UDP0275_i7,UDP0275_i5,
BdC30,,Baie de Chaleur,47.83,-65.5,2020,Snow Crab 5 (2020),UDP0276_i7,UDP0276_i5,
BdC4,,Baie de Chaleur,47.83,-65.5,2020,Snow Crab 5 (2020),UDP0276_i7,UDP0276_i5,
BdC5,,Baie de Chaleur,47.83,-65.5,2020,Snow Crab 5 (2020),UDP0277_i7,UDP0277_i5,
BdC6,,Baie de Chaleur,47.83,-65.5,2020,Snow Crab 5 (2020),UDP0278_i7,UDP0278_i5,
BdC7,,Baie de Chaleur,47.83,-65.5,2020,Snow Crab 5 (2020),UDP0279_i7,UDP0279_i5,
BdC8,,Baie de Chaleur,47.83,-65.5,2020,Snow Crab 5 (2020),UDP0280_i7,UDP0280_i5,
BdC9,,Baie de Chaleur,47.83,-65.5,2020,Snow Crab 5 (2020),UDP0281_i7,UDP0281_i5,
CPS_1,,Matthew Marie Pier II/CPS,46.948,-47.938167,2021,Snow Crab 3 (Lib7) 2021,UDP0097_i7,UDP0097_i5,80 fm
CPS_10,,Matthew Marie Pier II/CPS,46.948,-47.938167,2021,Snow Crab 3 (Lib7) 2030,UDP0097_i7,UDP0097_i5,80 fm
CPS_11,,Matthew Marie Pier II/CPS,46.948,-47.938167,2021,Snow Crab 3 (Lib7) 2031,UDP0097_i7,UDP0097_i5,80 fm
CPS_12,,Matthew Marie Pier II/CPS,46.948,-47.938167,2021,Snow Crab 3 (Lib7) 2032,UDP0097_i7,UDP0097_i5,80 fm
CPS_13,,Matthew Marie Pier II/CPS,46.948,-47.938167,2021,Snow Crab 3 (Lib7) 2033,UDP0097_i7,UDP0097_i5,80 fm
CPS_14,,Matthew Marie Pier II/CPS,46.948,-47.938167,2021,Snow Crab 3 (Lib7) 2034,UDP0097_i7,UDP0097_i5,80 fm
CPS_15,,Matthew Marie Pier II/CPS,46.948,-47.938167,2021,Snow Crab 3 (Lib7) 2035,UDP0097_i7,UDP0097_i5,80 fm
CPS_16,,Matthew Marie Pier II/CPS,46.948,-47.938167,2021,Snow Crab 3 (Lib7) 2036,UDP0097_i7,UDP0097_i5,80 fm
CPS_17,,Matthew Marie Pier II/CPS,46.948,-47.938167,2021,Snow Crab 3 (Lib7) 2037,UDP0097_i7,UDP0097_i5,80 fm
CPS_18,,Matthew Marie Pier II/CPS,46.948,-47.938167,2021,Snow Crab 3 (Lib7) 2038,UDP0097_i7,UDP0097_i5,80 fm
CPS_19,,Matthew Marie Pier II/CPS,46.948,-47.938167,2021,Snow Crab 3 (Lib7) 2039,UDP0097_i7,UDP0097_i5,80 fm
CPS_2,,Matthew Marie Pier II/CPS,46.948,-47.938167,2021,Snow Crab 3 (Lib7) 2022,UDP0097_i7,UDP0097_i5,80 fm
CPS_20,,Matthew Marie Pier II/CPS,46.948,-47.938167,2021,Snow Crab 3 (Lib7) 2040,UDP0097_i7,UDP0097_i5,80 fm
CPS_21,,Matthew Marie Pier II/CPS,46.948,-47.938167,2021,Snow Crab 3 (Lib7) 2041,UDP0097_i7,UDP0097_i5,80 fm
CPS_22,,Matthew Marie Pier II/CPS,46.948,-47.938167,2021,Snow Crab 3 (Lib7) 2042,UDP0097_i7,UDP0097_i5,80 fm
CPS_23,,Matthew Marie Pier II/CPS,46.948,-47.938167,2021,Snow Crab 3 (Lib7) 2043,UDP0097_i7,UDP0097_i5,80 fm
CPS_24,,Matthew Marie Pier II/CPS,46.948,-47.938167,2021,Snow Crab 3 (Lib7) 2044,UDP0097_i7,UDP0097_i5,80 fm
CPS_25,,Matthew Marie Pier II/CPS,46.948,-47.938167,2021,Snow Crab 3 (Lib7) 2045,UDP0097_i7,UDP0097_i5,80 fm
CPS_26,,Matthew Marie Pier II/CPS,46.948,-47.938167,2021,Snow Crab 3 (Lib7) 2046,UDP0097_i7,UDP0097_i5,80 fm
CPS_27,,Matthew Marie Pier II/CPS,46.948,-47.938167,2021,Snow Crab 3 (Lib7) 2047,UDP0097_i7,UDP0097_i5,80 fm
CPS_28,,Matthew Marie Pier II/CPS,46.948,-47.938167,2021,Snow Crab 3 (Lib7) 2048,UDP0097_i7,UDP0097_i5,80 fm
CPS_29,,Matthew Marie Pier II/CPS,46.948,-47.938167,2021,Snow Crab 3 (Lib7) 2049,UDP0097_i7,UDP0097_i5,80 fm
CPS_3,,Matthew Marie Pier II/CPS,46.948,-47.938167,2021,Snow Crab 3 (Lib7) 2023,UDP0097_i7,UDP0097_i5,80 fm
CPS_30,,Matthew Marie Pier II/CPS,46.948,-47.938167,2021,Snow Crab 3 (Lib7) 2050,UDP0097_i7,UDP0097_i5,80 fm
CPS_31,,Matthew Marie Pier II/CPS,46.948,-47.938167,2021,Snow Crab 3 (Lib7) 2051,UDP0097_i7,UDP0097_i5,80 fm
CPS_32,,Matthew Marie Pier II/CPS,46.948,-47.938167,2021,Snow Crab 3 (Lib7) 2052,UDP0097_i7,UDP0097_i5,80 fm
CPS_33,,Matthew Marie Pier II/CPS,46.948,-47.938167,2021,Snow Crab 3 (Lib7) 2053,UDP0097_i7,UDP0097_i5,80 fm
CPS_34,,Matthew Marie Pier II/CPS,46.948,-47.938167,2021,Snow Crab 3 (Lib7) 2054,UDP0097_i7,UDP0097_i5,80 fm
CPS_35,,Matthew Marie Pier II/CPS,46.948,-47.938167,2021,Snow Crab 3 (Lib7) 2055,UDP0097_i7,UDP0097_i5,80 fm
CPS_4,,Matthew Marie Pier II/CPS,46.948,-47.938167,2021,Snow Crab 3 (Lib7) 2024,UDP0097_i7,UDP0097_i5,80 fm
CPS_5,,Matthew Marie Pier II/CPS,46.948,-47.938167,2021,Snow Crab 3 (Lib7) 2025,UDP0097_i7,UDP0097_i5,80 fm
CPS_6,,Matthew Marie Pier II/CPS,46.948,-47.938167,2021,Snow Crab 3 (Lib7) 2026,UDP0097_i7,UDP0097_i5,80 fm
CPS_7,,Matthew Marie Pier II/CPS,46.948,-47.938167,2021,Snow Crab 3 (Lib7) 2027,UDP0097_i7,UDP0097_i5,80 fm
CPS_8,,Matthew Marie Pier II/CPS,46.948,-47.938167,2021,Snow Crab 3 (Lib7) 2028,UDP0097_i7,UDP0097_i5,80 fm
CPS_9,,Matthew Marie Pier II/CPS,46.948,-47.938167,2021,Snow Crab 3 (Lib7) 2029,UDP0097_i7,UDP0097_i5,80 fm
D013,,Maritime D,44.45767,-60.865,2020,,UDP0167_i7,UDP0167_i5,
D014,,Maritime D,44.45767,-60.865,2020,,UDP0168_i7,UDP0168_i5,
D015,,Maritime D,44.45767,-60.865,2020,,UDP0169_i7,UDP0169_i5,
D016,,Maritime D,44.45767,-60.865,2020,,UDP0170_i7,UDP0170_i5,
D017,,Maritime D,44.45767,-60.865,2020,,UDP0171_i7,UDP0171_i5,
D018,,Maritime D,44.45767,-60.865,2020,,UDP0172_i7,UDP0172_i5,
D019,,Maritime D,44.45767,-60.865,2020,,UDP0173_i7,UDP0173_i5,
D020,,Maritime D,44.45767,-60.865,2020,,UDP0174_i7,UDP0174_i5,
D021,,Maritime D,44.45767,-60.865,2020,,UDP0175_i7,UDP0175_i5,
D022,,Maritime D,44.45767,-60.865,2020,,UDP0176_i7,UDP0176_i5,
D023,,Maritime D,44.45767,-60.865,2020,,UDP0177_i7,UDP0177_i5,
D024,,Maritime D,44.45767,-60.865,2020,,UDP0178_i7,UDP0178_i5,
D025,,Maritime D,44.45767,-60.865,2020,,UDP0179_i7,UDP0179_i5,
D026,,Maritime D,44.45767,-60.865,2020,,UDP0180_i7,UDP0180_i5,
D027,,Maritime D,44.45767,-60.865,2020,,UDP0181_i7,UDP0181_i5,
D028,,Maritime D,44.45767,-60.865,2020,,UDP0182_i7,UDP0182_i5,
D029,,Maritime D,44.45767,-60.865,2020,,UDP0183_i7,UDP0183_i5,
D030,,Maritime D,44.45767,-60.865,2020,,UDP0184_i7,UDP0184_i5,
D031,,Maritime D,44.45767,-60.865,2020,,UDP0185_i7,UDP0185_i5,
D032,,Maritime D,44.45767,-60.865,2020,,UDP0186_i7,UDP0186_i5,
D033,,Maritime D,44.45767,-60.865,2020,,UDP0187_i7,UDP0187_i5,
D034,,Maritime D,44.45767,-60.865,2020,,UDP0188_i7,UDP0188_i5,
D035,,Maritime D,44.45767,-60.865,2020,,UDP0189_i7,UDP0189_i5,
D036,,Maritime D,44.45767,-60.865,2020,,UDP0190_i7,UDP0190_i5,
D037,,Maritime D,44.45767,-60.865,2020,,UDP0191_i7,UDP0191_i5,
D039,,Maritime D,44.45767,-60.865,2020,,UDP0025_i7,UDP0025_i5,
D040,,Maritime D,44.45767,-60.865,2020,,UDP0026_i7,UDP0026_i5,
D041,,Maritime D,44.45767,-60.865,2020,,UDP0027_i7,UDP0027_i5,
D042,,Maritime D,44.45767,-60.865,2020,,UDP0028_i7,UDP0028_i5,
D043,,Maritime D,44.45767,-60.865,2020,,UDP0029_i7,UDP0029_i5,
D044,,Maritime D,44.45767,-60.865,2020,,UDP0030_i7,UDP0030_i5,
D045,,Maritime D,44.45767,-60.865,2020,,UDP0031_i7,UDP0031_i5,
D046,,Maritime D,44.45767,-60.865,2020,,UDP0032_i7,UDP0032_i5,
D047,,Maritime D,44.45767,-60.865,2020,,UDP0313_i7,UDP0313_i5,
D048,,Maritime D,44.45767,-60.865,2020,,UDP0321_i7,UDP0321_i5,
FB_1,,Fortune Bay,47.35,-55.46,2021,,UDP0142_i7,UDP0142_i5,
FB_10,,Fortune Bay,47.35,-55.46,2021,,UDP0151_i7,UDP0151_i5,
FB_11,,Fortune Bay,47.35,-55.46,2021,,UDP0152_i7,UDP0152_i5,
FB_12,,Fortune Bay,47.35,-55.46,2021,,UDP0153_i7,UDP0153_i5,
FB_13,,Fortune Bay,47.35,-55.46,2021,,UDP0154_i7,UDP0154_i5,
FB_14,,Fortune Bay,47.35,-55.46,2021,,UDP0155_i7,UDP0155_i5,
FB_15,,Fortune Bay,47.35,-55.46,2021,,UDP0156_i7,UDP0156_i5,
FB_16,,Fortune Bay,47.35,-55.46,2021,,UDP0157_i7,UDP0157_i5,
FB_17,,Fortune Bay,47.35,-55.46,2021,,UDP0158_i7,UDP0158_i5,
FB_18,,Fortune Bay,47.35,-55.46,2021,,UDP0159_i7,UDP0159_i5,
FB_19,,Fortune Bay,47.35,-55.46,2021,,UDP0160_i7,UDP0160_i5,
FB_2,,Fortune Bay,47.35,-55.46,2021,,UDP0143_i7,UDP0143_i5,
FB_20,,Fortune Bay,47.35,-55.46,2021,,UDP0161_i7,UDP0161_i5,
FB_21,,Fortune Bay,47.35,-55.46,2021,,UDP0162_i7,UDP0162_i5,
FB_22,,Fortune Bay,47.35,-55.46,2021,,UDP0163_i7,UDP0163_i5,
FB_23,,Fortune Bay,47.35,-55.46,2021,,UDP0164_i7,UDP0164_i5,
FB_24,,Fortune Bay,47.35,-55.46,2021,,UDP0165_i7,UDP0165_i5,
FB_25,,Fortune Bay,47.35,-55.46,2021,,UDP0166_i7,UDP0166_i5,
FB_26,,Fortune Bay,47.35,-55.46,2021,,UDP0167_i7,UDP0167_i5,
FB_27,,Fortune Bay,47.35,-55.46,2021,,UDP0168_i7,UDP0168_i5,
FB_28,,Fortune Bay,47.35,-55.46,2021,,UDP0169_i7,UDP0169_i5,
FB_29,,Fortune Bay,47.35,-55.46,2021,,UDP0170_i7,UDP0170_i5,
FB_3,,Fortune Bay,47.35,-55.46,2021,,UDP0144_i7,UDP0144_i5,
FB_30,,Fortune Bay,47.35,-55.46,2021,,UDP0171_i7,UDP0171_i5,
FB_31,,Fortune Bay,47.35,-55.46,2021,,UDP0172_i7,UDP0172_i5,
FB_32,,Fortune Bay,47.35,-55.46,2021,,UDP0173_i7,UDP0173_i5,
FB_33,,Fortune Bay,47.35,-55.46,2021,,UDP0174_i7,UDP0174_i5,
FB_34,,Fortune Bay,47.35,-55.46,2021,,UDP0175_i7,UDP0175_i5,
FB_35,,Fortune Bay,47.35,-55.46,2021,,UDP0176_i7,UDP0176_i5,
FB_4,,Fortune Bay,47.35,-55.46,2021,,UDP0145_i7,UDP0145_i5,
FB_5,,Fortune Bay,47.35,-55.46,2021,,UDP0146_i7,UDP0146_i5,
FB_6,,Fortune Bay,47.35,-55.46,2021,,UDP0147_i7,UDP0147_i5,
FB_7,,Fortune Bay,47.35,-55.46,2021,,UDP0148_i7,UDP0148_i5,
FB_8,,Fortune Bay,47.35,-55.46,2021,,UDP0149_i7,UDP0149_i5,
FB_9,,Fortune Bay,47.35,-55.46,2021,,UDP0150_i7,UDP0150_i5,
LC1,LC1,Lilly Canyon,44.899451,-49.147473,2020,Snow Crab 7 (2020),UDP0263_i7,UDP0263_i5,
LC10,LC10,Lilly Canyon,44.899451,-49.147473,2020,Snow Crab 7 (2020),UDP0268_i7,UDP0268_i5,
LC11,LC11,Lilly Canyon,44.899451,-49.147473,2020,Snow Crab 7 (2020),UDP0269_i7,UDP0269_i5,
LC12,LC12,Lilly Canyon,44.899451,-49.147473,2020,Snow Crab 7 (2020),UDP0270_i7,UDP0270_i5,
LC13,LC13,Lilly Canyon,44.899451,-49.147473,2020,Snow Crab 7 (2020),UDP0271_i7,UDP0271_i5,
LC14,LC14,Lilly Canyon,44.899451,-49.147473,2020,Snow Crab 7 (2020),UDP0272_i7,UDP0272_i5,
LC15,LC15,Lilly Canyon,44.899451,-49.147473,2020,Snow Crab 7 (2020),UDP0273_i7,UDP0273_i5,
LC16,LC16,Lilly Canyon,44.899451,-49.147473,2020,Snow Crab 7 (2020),UDP0274_i7,UDP0274_i5,
LC17,LC17,Lilly Canyon,44.899451,-49.147473,2020,Snow Crab 7 (2020),UDP0275_i7,UDP0275_i5,
LC18,LC18,Lilly Canyon,44.899451,-49.147473,2020,Snow Crab 7 (2020),UDP0276_i7,UDP0276_i5,
LC19,LC19,Lilly Canyon,44.899451,-49.147473,2020,Snow Crab 7 (2020),UDP0277_i7,UDP0277_i5,
LC2,LC2,Lilly Canyon,44.899451,-49.147473,2020,Snow Crab 7 (2020),UDP0264_i7,UDP0264_i5,
LC20,LC20,Lilly Canyon,44.899451,-49.147473,2020,Snow Crab 7 (2020),UDP0278_i7,UDP0278_i5,
LC21,LC21,Lilly Canyon,44.899451,-49.147473,2020,Snow Crab 7 (2020),UDP0279_i7,UDP0279_i5,
LC22,LC22,Lilly Canyon,44.899451,-49.147473,2020,Snow Crab 7 (2020),UDP0280_i7,UDP0280_i5,
LC23,LC23,Lilly Canyon,44.899451,-49.147473,2020,Snow Crab 7 (2020),UDP0281_i7,UDP0281_i5,
LC24,LC24,Lilly Canyon,44.899451,-49.147473,2020,Snow Crab 7 (2020),UDP0282_i7,UDP0282_i5,
LC25,LC25,Lilly Canyon,44.899451,-49.147473,2020,Snow Crab 7 (2020),UDP0283_i7,UDP0283_i5,
LC26,,Lilly Canyon,44.899451,-49.147473,2020,Snow Crab 7 (2020),UDP0284_i7,UDP0284_i5,
LC27,LC27,Lilly Canyon,44.899451,-49.147473,2020,Snow Crab 7 (2020),UDP0285_i7,UDP0285_i5,
LC28,LC28,Lilly Canyon,44.899451,-49.147473,2020,Snow Crab 7 (2020),UDP0286_i7,UDP0286_i5,
LC29,LC29,Lilly Canyon,44.899451,-49.147473,2020,Snow Crab 7 (2020),UDP0287_i7,UDP0287_i5,
LC3,,Lilly Canyon,44.899451,-49.147473,2020,Snow Crab 7 (2020),UDP0263_i7,UDP0263_i5,
LC31,,Lilly Canyon,44.899451,-49.147473,2020,Snow Crab 7 (2020),UDP0265_i7,UDP0265_i5,
LC32,,Lilly Canyon,44.899451,-49.147473,2020,Snow Crab 7 (2020),UDP0266_i7,UDP0266_i5,
LC33,,Lilly Canyon,44.899451,-49.147473,2020,Snow Crab 7 (2020),UDP0267_i7,UDP0267_i5,
LC34,,Lilly Canyon,44.899451,-49.147473,2020,Snow Crab 7 (2020),UDP0268_i7,UDP0268_i5,
LC35,,Lilly Canyon,44.899451,-49.147473,2020,Snow Crab 7 (2020),UDP0269_i7,UDP0269_i5,
LC36,,Lilly Canyon,44.899451,-49.147473,2020,Snow Crab 7 (2020),UDP0270_i7,UDP0270_i5,
LC37,,Lilly Canyon,44.899451,-49.147473,2020,Snow Crab 7 (2020),UDP0271_i7,UDP0271_i5,
LC38,,Lilly Canyon,44.899451,-49.147473,2020,Snow Crab 7 (2020),UDP0272_i7,UDP0272_i5,
LC4,,Lilly Canyon,44.899451,-49.147473,2020,Snow Crab 7 (2020),UDP0264_i7,UDP0264_i5,
LC7,LC7,Lilly Canyon,44.899451,-49.147473,2020,Snow Crab 7 (2020),UDP0265_i7,UDP0265_i5,
LC8,LC8,Lilly Canyon,44.899451,-49.147473,2020,Snow Crab 7 (2020),UDP0266_i7,UDP0266_i5,
LC9,LC9,Lilly Canyon,44.899451,-49.147473,2020,Snow Crab 7 (2020),UDP0267_i7,UDP0267_i5,
MB1,B1,Maritime B,46.0235,-58.951,2020,Snow Crab 1 (2020),UDP0193_i7,UDP0193_i5,
MB10,B10,Maritime B,46.0235,-58.951,2020,Snow Crab 1 (2020),UDP0202_i7,UDP0202_i5,
MB11,B11,Maritime B,46.0235,-58.951,2020,Snow Crab 1 (2020),UDP0203_i7,UDP0203_i5,
MB12,B12,Maritime B,46.0235,-58.951,2020,Snow Crab 1 (2020),UDP0204_i7,UDP0204_i5,
MB13,B13,Maritime B,46.0235,-58.951,2020,Snow Crab 1 (2020),UDP0205_i7,UDP0205_i5,
MB14,B14,Maritime B,46.0235,-58.951,2020,Snow Crab 1 (2020),UDP0206_i7,UDP0206_i5,
MB15,B15,Maritime B,46.0235,-58.951,2020,Snow Crab 1 (2020),UDP0212_i7,UDP0212_i5,
MB16,B16,Maritime B,46.0235,-58.951,2020,Snow Crab 1 (2020),UDP0218_i7,UDP0218_i5,
MB17,B17,Maritime B,46.0235,-58.951,2020,Snow Crab 1 (2020),UDP0220_i7,UDP0220_i5,
MB18,B18,Maritime B,46.0235,-58.951,2020,Snow Crab 1 (2020),UDP0219_i7,UDP0219_i5,
MB19,B19,Maritime B,46.0235,-58.951,2020,Snow Crab 1 (2020),UDP0217_i7,UDP0217_i5,
MB2,B2,Maritime B,46.0235,-58.951,2020,Snow Crab 1 (2020),UDP0194_i7,UDP0194_i5,
MB20,,Maritime B,46.0235,-58.951,2020,Snow Crab 1 (2020),UDP0209_i7,UDP0209_i5,
MB21,B21,Maritime B,46.0235,-58.951,2020,Snow Crab 1 (2020),UDP0211_i7,UDP0211_i5,
MB22,B22,Maritime B,46.0235,-58.951,2020,Snow Crab 1 (2020),UDP0207_i7,UDP0207_i5,
MB23,B23,Maritime B,46.0235,-58.951,2020,Snow Crab 1 (2020),UDP0208_i7,UDP0208_i5,
MB24,B24,Maritime B,46.0235,-58.951,2020,Snow Crab 1 (2020),UDP0215_i7,UDP0215_i5,
MB25,B25,Maritime B,46.0235,-58.951,2020,Snow Crab 1 (2020),UDP0221_i7,UDP0221_i5,
MB26,B26,Maritime B,46.0235,-58.951,2020,Snow Crab 1 (2020),UDP0222_i7,UDP0222_i5,
MB27,B27,Maritime B,46.0235,-58.951,2020,Snow Crab 1 (2020),UDP0223_i7,UDP0223_i5,
MB28,B28,Maritime B,46.0235,-58.951,2020,Snow Crab 1 (2020),UDP0216_i7,UDP0216_i5,
MB29,B29,Maritime B,46.0235,-58.951,2020,Snow Crab 1 (2020),UDP0213_i7,UDP0213_i5,
MB3,B3,Maritime B,46.0235,-58.951,2020,Snow Crab 1 (2020),UDP0195_i7,UDP0195_i5,
MB30,B30,Maritime B,46.0235,-58.951,2020,Snow Crab 1 (2020),UDP0214_i7,UDP0214_i5,
MB31,,Maritime B,46.0235,-58.951,2020,Snow Crab 1 (2020),UDP0210_i7,UDP0210_i5,
MB32,,Maritime B,46.0235,-58.951,2020,Snow Crab 1 (2020),UDP0224_i7,UDP0224_i5,
MB33,,Maritime B,46.0235,-58.951,2020,Snow Crab 1 (2020),UDP0225_i7,UDP0225_i5,
MB34,B34,Maritime B,46.0235,-58.951,2020,Snow Crab 1 (2020),UDP0226_i7,UDP0226_i5,
MB35,B35,Maritime B,46.0235,-58.951,2020,Snow Crab 1 (2020),UDP0227_i7,UDP0227_i5,
MB4,B4,Maritime B,46.0235,-58.951,2020,Snow Crab 1 (2020),UDP0196_i7,UDP0196_i5,
MB5,B5,Maritime B,46.0235,-58.951,2020,Snow Crab 1 (2020),UDP0197_i7,UDP0197_i5,
MB6,B6,Maritime B,46.0235,-58.951,2020,Snow Crab 1 (2020),UDP0198_i7,UDP0198_i5,
MB7,B7,Maritime B,46.0235,-58.951,2020,Snow Crab 1 (2020),UDP0199_i7,UDP0199_i5,
MB8,B8,Maritime B,46.0235,-58.951,2020,Snow Crab 1 (2020),UDP0200_i7,UDP0200_i5,
MB9,B9,Maritime B,46.0235,-58.951,2020,Snow Crab 1 (2020),UDP0201_i7,UDP0201_i5,
MC1,C1,Maritime C,44.45433,-63.25367,2020,Snow Crab 4 (2020),UDP0193_i7,UDP0193_i5,
MC10,C10,Maritime C,44.45433,-63.25367,2020,Snow Crab 4 (2020),UDP0202_i7,UDP0202_i5,
MC11,C11,Maritime C,44.45433,-63.25367,2020,Snow Crab 4 (2020),UDP0203_i7,UDP0203_i5,
MC12,,Maritime C,44.45433,-63.25367,2020,Snow Crab 4 (2020),UDP0204_i7,UDP0204_i5,
MC13,C13,Maritime C,44.45433,-63.25367,2020,Snow Crab 4 (2020),UDP0205_i7,UDP0205_i5,
MC14,C14,Maritime C,44.45433,-63.25367,2020,Snow Crab 4 (2020),UDP0206_i7,UDP0206_i5,
MC15,C15,Maritime C,44.45433,-63.25367,2020,Snow Crab 4 (2020),UDP0207_i7,UDP0207_i5,
MC16,C16,Maritime C,44.45433,-63.25367,2020,Snow Crab 4 (2020),UDP0208_i7,UDP0208_i5,
MC17,C17,Maritime C,44.45433,-63.25367,2020,Snow Crab 4 (2020),UDP0209_i7,UDP0209_i5,
MC18,C18,Maritime C,44.45433,-63.25367,2020,Snow Crab 4 (2020),UDP0210_i7,UDP0210_i5,
MC19,,Maritime C,44.45433,-63.25367,2020,Snow Crab 4 (2020),UDP0211_i7,UDP0211_i5,
MC2,C2,Maritime C,44.45433,-63.25367,2020,Snow Crab 4 (2020),UDP0194_i7,UDP0194_i5,
MC20,C20,Maritime C,44.45433,-63.25367,2020,Snow Crab 4 (2020),UDP0212_i7,UDP0212_i5,
MC21,C21,Maritime C,44.45433,-63.25367,2020,Snow Crab 4 (2020),UDP0213_i7,UDP0213_i5,
MC22,C22,Maritime C,44.45433,-63.25367,2020,Snow Crab 4 (2020),UDP0214_i7,UDP0214_i5,
MC23,C23,Maritime C,44.45433,-63.25367,2020,Snow Crab 4 (2020),UDP0215_i7,UDP0215_i5,
MC24,C24,Maritime C,44.45433,-63.25367,2020,Snow Crab 4 (2020),UDP0216_i7,UDP0216_i5,
MC25,C25,Maritime C,44.45433,-63.25367,2020,Snow Crab 4 (2020),UDP0217_i7,UDP0217_i5,
MC26,C26,Maritime C,44.45433,-63.25367,2020,Snow Crab 4 (2020),UDP0218_i7,UDP0218_i5,
MC27,C27,Maritime C,44.45433,-63.25367,2020,Snow Crab 4 (2020),UDP0219_i7,UDP0219_i5,
MC28,C28,Maritime C,44.45433,-63.25367,2020,Snow Crab 4 (2020),UDP0220_i7,UDP0220_i5,
MC29,C29,Maritime C,44.45433,-63.25367,2020,Snow Crab 4 (2020),UDP0221_i7,UDP0221_i5,
MC3,C3,Maritime C,44.45433,-63.25367,2020,Snow Crab 4 (2020),UDP0195_i7,UDP0195_i5,
MC30,C30,Maritime C,44.45433,-63.25367,2020,Snow Crab 4 (2020),UDP0222_i7,UDP0222_i5,
MC31,C31,Maritime C,44.45433,-63.25367,2020,Snow Crab 4 (2020),UDP0223_i7,UDP0223_i5,
MC32,C32,Maritime C,44.45433,-63.25367,2020,Snow Crab 4 (2020),UDP0224_i7,UDP0224_i5,
MC33,C33,Maritime C,44.45433,-63.25367,2020,Snow Crab 4 (2020),UDP0225_i7,UDP0225_i5,
MC34,C34,Maritime C,44.45433,-63.25367,2020,Snow Crab 4 (2020),UDP0226_i7,UDP0226_i5,
MC35,C35,Maritime C,44.45433,-63.25367,2020,Snow Crab 4 (2020),UDP0227_i7,UDP0227_i5,
MC36,C36,Maritime C,44.45433,-63.25367,2020,Snow Crab 4 (2020),UDP0228_i7,UDP0228_i5,
MC37,C37,Maritime C,44.45433,-63.25367,2020,Snow Crab 4 (2020),UDP0229_i7,UDP0229_i5,
MC38,C38,Maritime C,44.45433,-63.25367,2020,Snow Crab 4 (2020),UDP0230_i7,UDP0230_i5,
MC39,C39,Maritime C,44.45433,-63.25367,2020,Snow Crab 4 (2020),UDP0231_i7,UDP0231_i5,
MC4,C4,Maritime C,44.45433,-63.25367,2020,Snow Crab 4 (2020),UDP0196_i7,UDP0196_i5,
MC40,C40,Maritime C,44.45433,-63.25367,2020,Snow Crab 4 (2020),UDP0232_i7,UDP0232_i5,
MC41,C41,Maritime C,44.45433,-63.25367,2020,Snow Crab 4 (2020),UDP0233_i7,UDP0233_i5,
MC42,C42,Maritime C,44.45433,-63.25367,2020,Snow Crab 4 (2020),UDP0234_i7,UDP0234_i5,
MC43,C43,Maritime C,44.45433,-63.25367,2020,Snow Crab 4 (2020),UDP0235_i7,UDP0235_i5,
MC44,C44,Maritime C,44.45433,-63.25367,2020,Snow Crab 4 (2020),UDP0236_i7,UDP0236_i5,
MC45,C45,Maritime C,44.45433,-63.25367,2020,Snow Crab 4 (2020),UDP0237_i7,UDP0237_i5,
MC46,C46,Maritime C,44.45433,-63.25367,2020,Snow Crab 4 (2020),UDP0238_i7,UDP0238_i5,
MC47,C47,Maritime C,44.45433,-63.25367,2020,Snow Crab 4 (2020),UDP0239_i7,UDP0239_i5,
MC48,C48,Maritime C,44.45433,-63.25367,2020,Snow Crab 4 (2020),UDP0240_i7,UDP0240_i5,
MC5,C5,Maritime C,44.45433,-63.25367,2020,Snow Crab 4 (2020),UDP0197_i7,UDP0197_i5,
MC6,C6,Maritime C,44.45433,-63.25367,2020,Snow Crab 4 (2020),UDP0198_i7,UDP0198_i5,
MC7,C7,Maritime C,44.45433,-63.25367,2020,Snow Crab 4 (2020),UDP0199_i7,UDP0199_i5,
MC8,C8,Maritime C,44.45433,-63.25367,2020,Snow Crab 4 (2020),UDP0200_i7,UDP0200_i5,
MC9,C9,Maritime C,44.45433,-63.25367,2020,Snow Crab 4 (2020),UDP0201_i7,UDP0201_i5,
ME1,E1,Maritime E,44.0905,-59.24933,2020,Snow Crab 4 (2020),UDP0241_i7,UDP0241_i5,
ME10,E10,Maritime E,44.0905,-59.24933,2020,Snow Crab 4 (2020),UDP0250_i7,UDP0250_i5,
ME11,E11,Maritime E,44.0905,-59.24933,2020,Snow Crab 4 (2020),UDP0251_i7,UDP0251_i5,
ME12,E12,Maritime E,44.0905,-59.24933,2020,Snow Crab 4 (2020),UDP0252_i7,UDP0252_i5,
ME13,E13,Maritime E,44.0905,-59.24933,2020,Snow Crab 4 (2020),UDP0253_i7,UDP0253_i5,
ME14,E14,Maritime E,44.0905,-59.24933,2020,Snow Crab 4 (2020),UDP0254_i7,UDP0254_i5,
ME15,E15,Maritime E,44.0905,-59.24933,2020,Snow Crab 4 (2020),UDP0255_i7,UDP0255_i5,
ME16,E16,Maritime E,44.0905,-59.24933,2020,Snow Crab 4 (2020),UDP0256_i7,UDP0256_i5,
ME17,E17,Maritime E,44.0905,-59.24933,2020,Snow Crab 4 (2020),UDP0257_i7,UDP0257_i5,
ME18,E18,Maritime E,44.0905,-59.24933,2020,Snow Crab 4 (2020),UDP0258_i7,UDP0258_i5,
ME19,E19,Maritime E,44.0905,-59.24933,2020,Snow Crab 4 (2020),UDP0259_i7,UDP0259_i5,
ME2,E2,Maritime E,44.0905,-59.24933,2020,Snow Crab 4 (2020),UDP0242_i7,UDP0242_i5,
ME20,E20,Maritime E,44.0905,-59.24933,2020,Snow Crab 4 (2020),UDP0260_i7,UDP0260_i5,
ME21,E21,Maritime E,44.0905,-59.24933,2020,Snow Crab 4 (2020),UDP0261_i7,UDP0261_i5,
ME22,E22,Maritime E,44.0905,-59.24933,2020,Snow Crab 4 (2020),UDP0262_i7,UDP0262_i5,
ME23,E23,Maritime E,44.0905,-59.24933,2020,Snow Crab 4 (2020),UDP0263_i7,UDP0263_i5,
ME24,E24,Maritime E,44.0905,-59.24933,2020,Snow Crab 4 (2020),UDP0264_i7,UDP0264_i5,
ME25,E25,Maritime E,44.0905,-59.24933,2020,Snow Crab 4 (2020),UDP0265_i7,UDP0265_i5,
ME26,E26,Maritime E,44.0905,-59.24933,2020,Snow Crab 4 (2020),UDP0266_i7,UDP0266_i5,
ME27,E27,Maritime E,44.0905,-59.24933,2020,Snow Crab 4 (2020),UDP0267_i7,UDP0267_i5,
ME28,E28,Maritime E,44.0905,-59.24933,2020,Snow Crab 4 (2020),UDP0268_i7,UDP0268_i5,
ME29,E29,Maritime E,44.0905,-59.24933,2020,Snow Crab 4 (2020),UDP0269_i7,UDP0269_i5,
ME3,E3,Maritime E,44.0905,-59.24933,2020,Snow Crab 4 (2020),UDP0243_i7,UDP0243_i5,
ME30,E30,Maritime E,44.0905,-59.24933,2020,Snow Crab 4 (2020),UDP0270_i7,UDP0270_i5,
ME31,E31,Maritime E,44.0905,-59.24933,2020,Snow Crab 4 (2020),UDP0271_i7,UDP0271_i5,
ME32,E32,Maritime E,44.0905,-59.24933,2020,Snow Crab 4 (2020),UDP0272_i7,UDP0272_i5,
ME33,E33,Maritime E,44.0905,-59.24933,2020,Snow Crab 4 (2020),UDP0273_i7,UDP0273_i5,
ME34,E34,Maritime E,44.0905,-59.24933,2020,Snow Crab 4 (2020),UDP0274_i7,UDP0274_i5,
ME35,E35,Maritime E,44.0905,-59.24933,2020,Snow Crab 4 (2020),UDP0275_i7,UDP0275_i5,
ME36,E36,Maritime E,44.0905,-59.24933,2020,Snow Crab 4 (2020),UDP0276_i7,UDP0276_i5,
ME37,E37,Maritime E,44.0905,-59.24933,2020,Snow Crab 4 (2020),UDP0277_i7,UDP0277_i5,
ME38,E38,Maritime E,44.0905,-59.24933,2020,Snow Crab 4 (2020),UDP0278_i7,UDP0278_i5,
ME39,E39,Maritime E,44.0905,-59.24933,2020,Snow Crab 4 (2020),UDP0279_i7,UDP0279_i5,
ME4,,Maritime E,44.0905,-59.24933,2020,Snow Crab 4 (2020),UDP0244_i7,UDP0244_i5,
ME40,,Maritime E,44.0905,-59.24933,2020,Snow Crab 4 (2020),UDP0280_i7,UDP0280_i5,
ME41,,Maritime E,44.0905,-59.24933,2020,Snow Crab 4 (2020),UDP0281_i7,UDP0281_i5,
ME42,E42,Maritime E,44.0905,-59.24933,2020,Snow Crab 4 (2020),UDP0282_i7,UDP0282_i5,
ME43,E43,Maritime E,44.0905,-59.24933,2020,Snow Crab 4 (2020),UDP0283_i7,UDP0283_i5,
ME44,E44,Maritime E,44.0905,-59.24933,2020,Snow Crab 4 (2020),UDP0284_i7,UDP0284_i5,
ME45,E45,Maritime E,44.0905,-59.24933,2020,Snow Crab 4 (2020),UDP0285_i7,UDP0285_i5,
ME46,E46,Maritime E,44.0905,-59.24933,2020,Snow Crab 4 (2020),UDP0286_i7,UDP0286_i5,
ME47,E47,Maritime E,44.0905,-59.24933,2020,Snow Crab 4 (2020),UDP0287_i7,UDP0287_i5,
ME5,E5,Maritime E,44.0905,-59.24933,2020,Snow Crab 4 (2020),UDP0245_i7,UDP0245_i5,
ME6,E6,Maritime E,44.0905,-59.24933,2020,Snow Crab 4 (2020),UDP0246_i7,UDP0246_i5,
ME7,E7,Maritime E,44.0905,-59.24933,2020,Snow Crab 4 (2020),UDP0247_i7,UDP0247_i5,
ME8,E8,Maritime E,44.0905,-59.24933,2020,Snow Crab 4 (2020),UDP0248_i7,UDP0248_i5,
ME9,E9,Maritime E,44.0905,-59.24933,2020,Snow Crab 4 (2020),UDP0249_i7,UDP0249_i5,
NENS_1,,,46.49413333,-60.23333333,2021,,UDP0117_i7,UDP0117_i5,
NENS_10,,,46.49413333,-60.23333333,2021,,UDP0126_i7,UDP0126_i5,
NENS_11,,,46.49413333,-60.23333333,2021,,UDP0127_i7,UDP0127_i5,
NENS_12,,,46.49413333,-60.23333333,2021,,UDP0128_i7,UDP0128_i5,
NENS_13,,,46.49413333,-60.23333333,2021,,UDP0129_i7,UDP0129_i5,
NENS_14,,,46.49413333,-60.23333333,2021,,UDP0130_i7,UDP0130_i5,
NENS_15,,,46.49413333,-60.23333333,2021,,UDP0131_i7,UDP0131_i5,
NENS_16,,,46.49413333,-60.23333333,2021,,UDP0132_i7,UDP0132_i5,
NENS_17,,,46.49413333,-60.23333333,2021,,UDP0133_i7,UDP0133_i5,
NENS_18,,,46.49413333,-60.23333333,2021,,UDP0134_i7,UDP0134_i5,
NENS_19,,,46.49413333,-60.23333333,2021,,UDP0135_i7,UDP0135_i5,
NENS_2,,,46.49413333,-60.23333333,2021,,UDP0118_i7,UDP0118_i5,
NENS_20,,,46.49413333,-60.23333333,2021,,UDP0136_i7,UDP0136_i5,
NENS_21,,,46.49413333,-60.23333333,2021,,UDP0137_i7,UDP0137_i5,
NENS_22,,,46.49413333,-60.23333333,2021,,UDP0138_i7,UDP0138_i5,
NENS_23,,,46.49413333,-60.23333333,2021,,UDP0139_i7,UDP0139_i5,
NENS_24,,,46.49413333,-60.23333333,2021,,UDP0140_i7,UDP0140_i5,
NENS_25,,,46.49413333,-60.23333333,2021,,UDP0141_i7,UDP0141_i5,
NENS_26,,,46.49413333,-60.23333333,2021,,UDP0142_i7,UDP0142_i5,
NENS_27,,,46.49413333,-60.23333333,2021,,UDP0143_i7,UDP0143_i5,
NENS_28,,,46.49413333,-60.23333333,2021,,UDP0144_i7,UDP0144_i5,
NENS_29,,,46.49413333,-60.23333333,2021,,UDP0145_i7,UDP0145_i5,
NENS_3,,,46.49413333,-60.23333333,2021,,UDP0119_i7,UDP0119_i5,
NENS_30,,,46.49413333,-60.23333333,2021,,UDP0146_i7,UDP0146_i5,
NENS_31,,,46.49413333,-60.23333333,2021,,UDP0147_i7,UDP0147_i5,
NENS_32,,,46.49413333,-60.23333333,2021,,UDP0148_i7,UDP0148_i5,
NENS_33,,,46.49413333,-60.23333333,2021,,UDP0149_i7,UDP0149_i5,
NENS_34,,,46.49413333,-60.23333333,2021,,UDP0150_i7,UDP0150_i5,
NENS_35,,,46.49413333,-60.23333333,2021,,UDP0151_i7,UDP0151_i5,
NENS_4,,,46.49413333,-60.23333333,2021,,UDP0120_i7,UDP0120_i5,
NENS_5,,,46.49413333,-60.23333333,2021,,UDP0121_i7,UDP0121_i5,
NENS_6,,,46.49413333,-60.23333333,2021,,UDP0122_i7,UDP0122_i5,
NENS_7,,,46.49413333,-60.23333333,2021,,UDP0123_i7,UDP0123_i5,
NENS_8,,,46.49413333,-60.23333333,2021,,UDP0124_i7,UDP0124_i5,
NENS_9,,,46.49413333,-60.23333333,2021,,UDP0125_i7,UDP0125_i5,
NENS_out_1,,,46.4397,-59.12988333,2021,,UDP0187_i7,UDP0187_i5,
NENS_out_10,,,46.389694,-59.129889,2021,,UDP0101_i7,UDP0101_i5,
NENS_out_11,,,46.389694,-59.129889,2021,,UDP0102_i7,UDP0102_i5,
NENS_out_12,,,46.389694,-59.129889,2021,,UDP0103_i7,UDP0103_i5,
NENS_out_13,,,46.389694,-59.129889,2021,,UDP0104_i7,UDP0104_i5,
NENS_out_14,,,46.389694,-59.129889,2021,,UDP0105_i7,UDP0105_i5,
NENS_out_15,,,46.389694,-59.129889,2021,,UDP0106_i7,UDP0106_i5,
NENS_out_16,,,46.389694,-59.129889,2021,,UDP0107_i7,UDP0107_i5,
NENS_out_17,,,46.389694,-59.129889,2021,,UDP0108_i7,UDP0108_i5,
NENS_out_18,,,46.389694,-59.129889,2021,,UDP0109_i7,UDP0109_i5,
NENS_out_19,,,46.389694,-59.129889,2021,,UDP0110_i7,UDP0110_i5,
NENS_out_2,,,46.4397,-59.12988333,2021,,UDP0188_i7,UDP0188_i5,
NENS_out_20,,,46.389694,-59.129889,2021,,UDP0111_i7,UDP0111_i5,
NENS_out_21,,,46.389694,-59.129889,2021,,UDP0112_i7,UDP0112_i5,
NENS_out_22,,,46.389694,-59.129889,2021,,UDP0113_i7,UDP0113_i5,
NENS_out_23,,,46.389694,-59.129889,2021,,UDP0114_i7,UDP0114_i5,
NENS_out_24,,,46.389694,-59.129889,2021,,UDP0115_i7,UDP0115_i5,
NENS_out_25,,,46.389694,-59.129889,2021,,UDP0116_i7,UDP0116_i5,
NENS_out_26,,,46.389694,-59.129889,2021,,UDP0117_i7,UDP0117_i5,
NENS_out_27,,,46.389694,-59.129889,2021,,UDP0118_i7,UDP0118_i5,
NENS_out_28,,,46.389694,-59.129889,2021,,UDP0119_i7,UDP0119_i5,
NENS_out_29,,,46.389694,-59.129889,2021,,UDP0120_i7,UDP0120_i5,
NENS_out_3,,,46.4397,-59.12988333,2021,,UDP0189_i7,UDP0189_i5,
NENS_out_30,,,46.389694,-59.129889,2021,,UDP0121_i7,UDP0121_i5,
NENS_out_31,,,46.389694,-59.129889,2021,,UDP0122_i7,UDP0122_i5,
NENS_out_32,,,46.389694,-59.129889,2021,,UDP0123_i7,UDP0123_i5,
NENS_out_33,,,46.389694,-59.129889,2021,,UDP0124_i7,UDP0124_i5,
NENS_out_34,,,46.389694,-59.129889,2021,,UDP0125_i7,UDP0125_i5,
NENS_out_35,,,46.389694,-59.129889,2021,,UDP0126_i7,UDP0126_i5,
NENS_out_4,,,46.4397,-59.12988333,2021,,UDP0190_i7,UDP0190_i5,
NENS_out_5,,,46.4397,-59.12988333,2021,,UDP0191_i7,UDP0191_i5,
NENS_out_6,,,46.389694,-59.129889,2021,,UDP0097_i7,UDP0097_i5,
NENS_out_7,,,46.389694,-59.129889,2021,,UDP0098_i7,UDP0098_i5,
NENS_out_8,,,46.389694,-59.129889,2021,,UDP0099_i7,UDP0099_i5,
NENS_out_9,,,46.389694,-59.129889,2021,,UDP0100_i7,UDP0100_i5,
Q001,Q001,Quebec North Shore,48.901983,-68.112639,2020,Snow Crab 7 (2020),UDP0228_i7,UDP0228_i5,
Q002,Q002,Quebec North Shore,48.901983,-68.112639,2020,Snow Crab 7 (2020),UDP0229_i7,UDP0229_i5,
Q003,Q003,Quebec North Shore,48.901983,-68.112639,2020,Snow Crab 7 (2020),UDP0230_i7,UDP0230_i5,
Q004,Q004,Quebec North Shore,48.901983,-68.112639,2020,Snow Crab 7 (2020),UDP0231_i7,UDP0231_i5,
Q005,Q005,Quebec North Shore,48.901983,-68.112639,2020,Snow Crab 7 (2020),UDP0232_i7,UDP0232_i5,
Q009,Q009,Quebec North Shore,48.901983,-68.112639,2020,Snow Crab 7 (2020),UDP0233_i7,UDP0233_i5,
Q010,Q010,Quebec North Shore,48.901983,-68.112639,2020,Snow Crab 7 (2020),UDP0234_i7,UDP0234_i5,
Q011,Q011,Quebec North Shore,48.901983,-68.112639,2020,Snow Crab 7 (2020),UDP0235_i7,UDP0235_i5,
Q012,Q012,Quebec North Shore,48.901983,-68.112639,2020,Snow Crab 7 (2020),UDP0236_i7,UDP0236_i5,
Q013,Q013,Quebec North Shore,48.901983,-68.112639,2020,Snow Crab 7 (2020),UDP0237_i7,UDP0237_i5,
Q014,Q014,Quebec North Shore,48.901983,-68.112639,2020,Snow Crab 7 (2020),UDP0238_i7,UDP0238_i5,
Q015,Q015,Quebec North Shore,48.901983,-68.112639,2020,Snow Crab 7 (2020),UDP0239_i7,UDP0239_i5,
Q016,Q016,Quebec North Shore,48.901983,-68.112639,2020,Snow Crab 7 (2020),UDP0240_i7,UDP0240_i5,
Q017,Q017,Quebec North Shore,48.901983,-68.112639,2020,Snow Crab 7 (2020),UDP0241_i7,UDP0241_i5,
Q018,Q018,Quebec North Shore,48.901983,-68.112639,2020,Snow Crab 7 (2020),UDP0242_i7,UDP0242_i5,
Q019,Q019,Quebec North Shore,48.901983,-68.112639,2020,Snow Crab 7 (2020),UDP0243_i7,UDP0243_i5,
Q020,Q020,Quebec North Shore,48.901983,-68.112639,2020,Snow Crab 7 (2020),UDP0244_i7,UDP0244_i5,
Q021,Q021,Quebec North Shore,48.901983,-68.112639,2020,Snow Crab 7 (2020),UDP0245_i7,UDP0245_i5,
Q022,Q022,Quebec North Shore,48.901983,-68.112639,2020,Snow Crab 7 (2020),UDP0246_i7,UDP0246_i5,
Q023,Q023,Quebec North Shore,48.901983,-68.112639,2020,Snow Crab 7 (2020),UDP0247_i7,UDP0247_i5,
Q024,Q024,Quebec North Shore,48.901983,-68.112639,2020,Snow Crab 7 (2020),UDP0248_i7,UDP0248_i5,
Q025,Q025,Quebec North Shore,48.901983,-68.112639,2020,Snow Crab 7 (2020),UDP0249_i7,UDP0249_i5,
Q026,Q026,Quebec North Shore,48.901983,-68.112639,2020,Snow Crab 7 (2020),UDP0250_i7,UDP0250_i5,
Q027,Q027,Quebec North Shore,48.901983,-68.112639,2020,Snow Crab 7 (2020),UDP0251_i7,UDP0251_i5,
Q028,Q028,Quebec North Shore,48.901983,-68.112639,2020,Snow Crab 7 (2020),UDP0252_i7,UDP0252_i5,
Q029,Q029,Quebec North Shore,48.901983,-68.112639,2020,Snow Crab 7 (2020),UDP0253_i7,UDP0253_i5,
Q030,Q030,Quebec North Shore,48.901983,-68.112639,2020,Snow Crab 7 (2020),UDP0254_i7,UDP0254_i5,
Q031,Q031,Quebec North Shore,48.901983,-68.112639,2020,Snow Crab 7 (2020),UDP0255_i7,UDP0255_i5,
Q032,Q032,Quebec North Shore,48.901983,-68.112639,2020,Snow Crab 7 (2020),UDP0256_i7,UDP0256_i5,
Q033,Q033,Quebec North Shore,48.901983,-68.112639,2020,Snow Crab 7 (2020),UDP0257_i7,UDP0257_i5,
Q034,Q034,Quebec North Shore,48.901983,-68.112639,2020,Snow Crab 7 (2020),UDP0258_i7,UDP0258_i5,
Q035,Q035,Quebec North Shore,48.901983,-68.112639,2020,Snow Crab 7 (2020),UDP0259_i7,UDP0259_i5,
Q036,Q036,Quebec North Shore,48.901983,-68.112639,2020,Snow Crab 7 (2020),UDP0260_i7,UDP0260_i5,
Q037,Q037,Quebec North Shore,48.901983,-68.112639,2020,Snow Crab 7 (2020),UDP0261_i7,UDP0261_i5,
Q038,Q038,Quebec North Shore,48.901983,-68.112639,2020,Snow Crab 7 (2020),UDP0262_i7,UDP0262_i5,
SMB_1,,St. Mary's Bay,46.84,-53.85,2021,,UDP0107_i7,UDP0107_i5,
SMB_10,,St. Mary's Bay,46.84,-53.85,2021,,UDP0116_i7,UDP0116_i5,
SMB_11,,St. Mary's Bay,46.84,-53.85,2021,,UDP0117_i7,UDP0117_i5,
SMB_12,,St. Mary's Bay,46.84,-53.85,2021,,UDP0118_i7,UDP0118_i5,
SMB_13,,St. Mary's Bay,46.84,-53.85,2021,,UDP0119_i7,UDP0119_i5,
SMB_14,,St. Mary's Bay,46.84,-53.85,2021,,UDP0120_i7,UDP0120_i5,
SMB_15,,St. Mary's Bay,46.84,-53.85,2021,,UDP0121_i7,UDP0121_i5,
SMB_16,,St. Mary's Bay,46.84,-53.85,2021,,UDP0122_i7,UDP0122_i5,
SMB_17,,St. Mary's Bay,46.84,-53.85,2021,,UDP0123_i7,UDP0123_i5,
SMB_18,,St. Mary's Bay,46.84,-53.85,2021,,UDP0124_i7,UDP0124_i5,
SMB_19,,St. Mary's Bay,46.84,-53.85,2021,,UDP0125_i7,UDP0125_i5,
SMB_2,,St. Mary's Bay,46.84,-53.85,2021,,UDP0108_i7,UDP0108_i5,
SMB_20,,St. Mary's Bay,46.84,-53.85,2021,,UDP0126_i7,UDP0126_i5,
SMB_21,,St. Mary's Bay,46.84,-53.85,2021,,UDP0127_i7,UDP0127_i5,
SMB_22,,St. Mary's Bay,46.84,-53.85,2021,,UDP0128_i7,UDP0128_i5,
SMB_23,,St. Mary's Bay,46.84,-53.85,2021,,UDP0129_i7,UDP0129_i5,
SMB_24,,St. Mary's Bay,46.84,-53.85,2021,,UDP0130_i7,UDP0130_i5,
SMB_25,,St. Mary's Bay,46.84,-53.85,2021,,UDP0131_i7,UDP0131_i5,
SMB_26,,St. Mary's Bay,46.84,-53.85,2021,,UDP0132_i7,UDP0132_i5,
SMB_27,,St. Mary's Bay,,,2021,Snow Crab_extra samples (2021),UDP0375_i7,UDP0375_i5,
SMB_28,,St. Mary's Bay,46.842,-53.852333,2021,,UDP0134_i7,UDP0134_i5,
SMB_29,,St. Mary's Bay,46.842,-53.852333,2021,,UDP0135_i7,UDP0135_i5,
SMB_3,,St. Mary's Bay,46.84,-53.85,2021,,UDP0109_i7,UDP0109_i5,
SMB_30,,St. Mary's Bay,46.842,-53.852333,2021,,UDP0136_i7,UDP0136_i5,
SMB_31,,St. Mary's Bay,46.842,-53.852333,2021,,UDP0137_i7,UDP0137_i5,
SMB_32,,St. Mary's Bay,46.842,-53.852333,2021,,UDP0138_i7,UDP0138_i5,
SMB_33,,St. Mary's Bay,46.842,-53.852333,2021,,UDP0139_i7,UDP0139_i5,
SMB_34,,St. Mary's Bay,46.842,-53.852333,2021,,UDP0140_i7,UDP0140_i5,
SMB_35,,St. Mary's Bay,46.842,-53.852333,2021,,UDP0141_i7,UDP0141_i5,
SMB_4,,St. Mary's Bay,46.84,-53.85,2021,,UDP0110_i7,UDP0110_i5,
SMB_5,,St. Mary's Bay,46.84,-53.85,2021,,UDP0111_i7,UDP0111_i5,
SMB_6,,St. Mary's Bay,46.84,-53.85,2021,,UDP0112_i7,UDP0112_i5,
SMB_7,,St. Mary's Bay,46.84,-53.85,2021,,UDP0113_i7,UDP0113_i5,
SMB_8,,St. Mary's Bay,46.84,-53.85,2021,,UDP0114_i7,UDP0114_i5,
SMB_9,,St. Mary's Bay,46.84,-53.85,2021,,UDP0115_i7,UDP0115_i5,
T1,T1,2N5440 (Torngat),55.17,-57.49,2020,Snow crab 13 (2020),UDP0372_i7,UDP0372_i5,
T11,T11,2N5440 (Torngat),55.17,-57.49,2020,Snow Crab 13 (2020),UDP0267_i7,UDP0267_i5,
T12,,2N5440 (Torngat),55.17,-57.49,2020,Snow Crab 13 (2020),UDP0279_i7,UDP0279_i5,
T13,,2N5440 (Torngat),55.17,-57.49,2020,Snow Crab 13 (2020),UDP0288_i7,UDP0288_i5,
T15,,2N5440 (Torngat),55.17,-57.49,2020,Snow Crab 13 (2020),UDP0286_i7,UDP0286_i5,
T17,,2N5440 (Torngat),55.17,-57.49,2020,Snow Crab 13 (2020),UDP0265_i7,UDP0265_i5,
T18,,2N5440 (Torngat),55.17,-57.49,2020,Snow Crab 13 (2020),UDP0283_i7,UDP0283_i5,
T19,T19,2N5440 (Torngat),55.17,-57.49,2020,Snow crab 13 (2020),UDP0379_i7,UDP0379_i5,
T2,,2N5440 (Torngat),55.17,-57.49,2020,Snow Crab 13 (2020),UDP0269_i7,UDP0269_i5,
T21,,2N5440 (Torngat),55.17,-57.49,2020,Snow Crab 13 (2020),UDP0285_i7,UDP0285_i5,
T22,T22,2N5440 (Torngat),55.17,-57.49,2020,Snow crab 13 (2020),UDP0380_i7,UDP0380_i5,
T23,,2N5440 (Torngat),55.17,-57.49,2020,Snow Crab 13 (2020),UDP0281_i7,UDP0281_i5,
T24,T24,2N5440 (Torngat),55.17,-57.49,2020,Snow crab 13 (2020),UDP0382_i7,UDP0382_i5,
T25,T25,2N5440 (Torngat),55.17,-57.49,2020,Snow Crab 13 (2020),UDP0270_i7,UDP0270_i5,
T26,T26,2N5440 (Torngat),55.17,-57.49,2020,Snow crab 13 (2020),UDP0377_i7,UDP0377_i5,
T27,T27,2N5440 (Torngat),55.17,-57.49,2020,Snow Crab 13 (2020),UDP0282_i7,UDP0282_i5,
T28,T28,2N5440 (Torngat),55.17,-57.49,2020,Snow crab 13 (2020),UDP0381_i7,UDP0381_i5,
T29,T29,2N5440 (Torngat),55.17,-57.49,2020,Snow Crab 13 (2020),UDP0272_i7,UDP0272_i5,
T30,,2N5440 (Torngat),55.17,-57.49,2020,Snow Crab 13 (2020),UDP0287_i7,UDP0287_i5,
T31,T31,2N5440 (Torngat),55.17,-57.49,2020,Snow Crab 13 (2020),UDP0274_i7,UDP0274_i5,
T32,T32,2N5440 (Torngat),55.17,-57.49,2020,Snow crab 13 (2020),UDP0371_i7,UDP0371_i5,
T35,T35,2N5440 (Torngat),55.17,-57.49,2020,Snow crab 13 (2020),UDP0383_i7,UDP0383_i5,
T36,T36,2N5440 (Torngat),55.17,-57.49,2020,Snow Crab 13 (2020),UDP0276_i7,UDP0276_i5,
T38,T38,2N5440 (Torngat),55.17,-57.49,2020,Snow crab 13 (2020),UDP0384_i7,UDP0384_i5,
T4,,2N5440 (Torngat),55.17,-57.49,2020,Snow Crab 13 (2020),UDP0277_i7,UDP0277_i5,
T40,,2N5440 (Torngat),55.17,-57.49,2020,Snow Crab 13 (2020),UDP0271_i7,UDP0271_i5,
T41,,2N5440 (Torngat),55.17,-57.49,2020,Snow Crab 13 (2020),UDP0284_i7,UDP0284_i5,
T42,T42,2N5440 (Torngat),55.17,-57.49,2020,Snow crab 13 (2020),UDP0370_i7,UDP0370_i5,
T43,T43,2N5440 (Torngat),55.17,-57.49,2020,Snow Crab 13 (2020),UDP0266_i7,UDP0266_i5,
T45,T45,2N5440 (Torngat),55.17,-57.49,2020,Snow Crab 13 (2020),UDP0268_i7,UDP0268_i5,
T48,,2N5440 (Torngat),55.17,-57.49,2020,Snow Crab 13 (2020),UDP0280_i7,UDP0280_i5,
T6,,2N5440 (Torngat),55.17,-57.49,2020,Snow Crab 13 (2020),UDP0273_i7,UDP0273_i5,
T7,T7,2N5440 (Torngat),55.17,-57.49,2020,Snow Crab 13 (2020),UDP0275_i7,UDP0275_i5,
T8,T8,2N5440 (Torngat),55.17,-57.49,2020,Snow Crab 13 (2020),UDP0278_i7,UDP0278_i5,
T9,T9,2N5440 (Torngat),55.17,-57.49,2020,Snow crab 13 (2020),UDP0378_i7,UDP0378_i5,
TB_016,,Trinity Bay,48.1785,-53.327167,Aug 7/21,,UDP0097_i7,UDP0097_i5,
TB_017,,Trinity Bay,48.1785,-53.327167,Aug 7/21,,UDP0098_i7,UDP0098_i5,
TB_018,,Trinity Bay,48.1785,-53.327167,Aug 7/21,,UDP0099_i7,UDP0099_i5,
TB_019,,Trinity Bay,48.1785,-53.327167,Aug 7/21,,UDP0100_i7,UDP0100_i5,
TB_020,,Trinity Bay,48.1785,-53.327167,Aug 7/21,,UDP0101_i7,UDP0101_i5,
TB_021,,Trinity Bay,48.1785,-53.327167,Aug 7/21,,UDP0102_i7,UDP0102_i5,
TB_022,,Trinity Bay,48.1785,-53.327167,Aug 7/21,,UDP0103_i7,UDP0103_i5,
TB_023,,Trinity Bay,48.1785,-53.327167,Aug 7/21,,UDP0104_i7,UDP0104_i5,
TB_024,,Trinity Bay,48.1785,-53.327167,Aug 7/21,,UDP0105_i7,UDP0105_i5,
TB_025,,Trinity Bay,48.1785,-53.327167,Aug 7/21,,UDP0106_i7,UDP0106_i5,
TB_026,,Trinity Bay,48.1785,-53.327167,Aug 7/21,,UDP0107_i7,UDP0107_i5,
TB_027,,Trinity Bay,48.1785,-53.327167,Aug 7/21,,UDP0108_i7,UDP0108_i5,
TB_028,,Trinity Bay,48.1785,-53.327167,Aug 7/21,,UDP0109_i7,UDP0109_i5,
TB_029,,Trinity Bay,48.1785,-53.327167,Aug 7/21,,UDP0110_i7,UDP0110_i5,
TB_030,,Trinity Bay,48.1785,-53.327167,Aug 7/21,,UDP0111_i7,UDP0111_i5,
TB_031,,Trinity Bay,48.1785,-53.327167,Aug 7/21,,UDP0112_i7,UDP0112_i5,
TB_032,,Trinity Bay,48.1785,-53.327167,Aug 7/21,,UDP0113_i7,UDP0113_i5,
TB_033,,Trinity Bay,48.1785,-53.327167,Aug 7/21,,UDP0114_i7,UDP0114_i5,
TB_034,,Trinity Bay,48.1785,-53.327167,Aug 7/21,,UDP0115_i7,UDP0115_i5,
TB_035,,Trinity Bay,48.1785,-53.327167,Aug 7/21,,UDP0116_i7,UDP0116_i5,
TB_1,,Trinity Bay,48.1785,-53.327167,Aug 7/21,,UDP0177_i7,UDP0177_i5,
TB_10,,Trinity Bay,48.1785,-53.327167,Aug 7/21,,UDP0186_i7,UDP0186_i5,
TB_11,,Trinity Bay,48.1785,-53.327167,Aug 7/21,,UDP0187_i7,UDP0187_i5,
TB_12,,Trinity Bay,48.1785,-53.327167,Aug 7/21,,UDP0188_i7,UDP0188_i5,
TB_13,,Trinity Bay,48.1785,-53.327167,Aug 7/21,,UDP0189_i7,UDP0189_i5,
TB_14,,Trinity Bay,48.1785,-53.327167,Aug 7/21,,UDP0190_i7,UDP0190_i5,
TB_15,,Trinity Bay,48.1785,-53.327167,Aug 7/21,,UDP0191_i7,UDP0191_i5,
TB_2,,Trinity Bay,48.1785,-53.327167,Aug 7/21,,UDP0178_i7,UDP0178_i5,
TB_3,,Trinity Bay,48.1785,-53.327167,Aug 7/21,,UDP0179_i7,UDP0179_i5,
TB_4,,Trinity Bay,48.1785,-53.327167,Aug 7/21,,UDP0180_i7,UDP0180_i5,
TB_5,,Trinity Bay,48.1785,-53.327167,Aug 7/21,,UDP0181_i7,UDP0181_i5,
TB_6,,Trinity Bay,48.1785,-53.327167,Aug 7/21,,UDP0182_i7,UDP0182_i5,
TB_7,,Trinity Bay,48.1785,-53.327167,Aug 7/21,,UDP0183_i7,UDP0183_i5,
TB_8,,Trinity Bay,48.1785,-53.327167,Aug 7/21,,UDP0184_i7,UDP0184_i5,
TB_9,,Trinity Bay,48.1785,-53.327167,Aug 7/21,,UDP0185_i7,UDP0185_i5,
WCB_F_1,,Western Cape Breton_Female,46.533444,-61.382528,2021,,UDP0137_i7,UDP0137_i5,
WCB_F_10,,Western Cape Breton_Female,46.533444,-61.382528,2021,,UDP0146_i7,UDP0146_i5,
WCB_F_11,,Western Cape Breton_Female,46.533444,-61.382528,2021,,UDP0147_i7,UDP0147_i5,
WCB_F_12,,Western Cape Breton_Female,46.533444,-61.382528,2021,,UDP0148_i7,UDP0148_i5,
WCB_F_13,,Western Cape Breton_Female,46.533444,-61.382528,2021,,UDP0149_i7,UDP0149_i5,
WCB_F_14,,Western Cape Breton_Female,46.533444,-61.382528,2021,,UDP0150_i7,UDP0150_i5,
WCB_F_15,,Western Cape Breton_Female,46.533444,-61.382528,2021,,UDP0151_i7,UDP0151_i5,
WCB_F_16,,Western Cape Breton_Female,46.533444,-61.382528,2021,,UDP0152_i7,UDP0152_i5,
WCB_F_17,,Western Cape Breton_Female,46.533444,-61.382528,2021,,UDP0153_i7,UDP0153_i5,
WCB_F_18,,Western Cape Breton_Female,46.533444,-61.382528,2021,,UDP0154_i7,UDP0154_i5,
WCB_F_19,,Western Cape Breton_Female,46.533444,-61.382528,2021,,UDP0155_i7,UDP0155_i5,
WCB_F_2,,Western Cape Breton_Female,46.533444,-61.382528,2021,,UDP0138_i7,UDP0138_i5,
WCB_F_20,,Western Cape Breton_Female,46.533444,-61.382528,2021,,UDP0156_i7,UDP0156_i5,
WCB_F_21,,Western Cape Breton_Female,46.533444,-61.382528,2021,,UDP0157_i7,UDP0157_i5,
WCB_F_22,,Western Cape Breton_Female,46.533444,-61.382528,2021,,UDP0158_i7,UDP0158_i5,
WCB_F_23,,Western Cape Breton_Female,46.533444,-61.382528,2021,,UDP0159_i7,UDP0159_i5,
WCB_F_24,,Western Cape Breton_Female,46.533444,-61.382528,2021,,UDP0160_i7,UDP0160_i5,
WCB_F_25,,Western Cape Breton_Female,46.533444,-61.382528,2021,,UDP0161_i7,UDP0161_i5,
WCB_F_26,,Western Cape Breton_Female,46.533444,-61.382528,2021,,UDP0162_i7,UDP0162_i5,
WCB_F_27,,Western Cape Breton_Female,46.533444,-61.382528,2021,,UDP0163_i7,UDP0163_i5,
WCB_F_28,,Western Cape Breton_Female,46.533444,-61.382528,2021,,UDP0164_i7,UDP0164_i5,
WCB_F_29,,Western Cape Breton_Female,46.533444,-61.382528,2021,,UDP0165_i7,UDP0165_i5,
WCB_F_3,,Western Cape Breton_Female,46.533444,-61.382528,2021,,UDP0139_i7,UDP0139_i5,
WCB_F_30,,Western Cape Breton_Female,46.533444,-61.382528,2021,,UDP0166_i7,UDP0166_i5,
WCB_F_31,,Western Cape Breton_Female,46.533444,-61.382528,2021,,UDP0167_i7,UDP0167_i5,
WCB_F_32,,Western Cape Breton_Female,46.533444,-61.382528,2021,,UDP0168_i7,UDP0168_i5,
WCB_F_33,,Western Cape Breton_Female,46.533444,-61.382528,2021,,UDP0169_i7,UDP0169_i5,
WCB_F_34,,Western Cape Breton_Female,46.533444,-61.382528,2021,,UDP0170_i7,UDP0170_i5,
WCB_F_35,,Western Cape Breton_Female,46.533444,-61.382528,2021,,UDP0171_i7,UDP0171_i5,
WCB_F_36,,Western Cape Breton_Female,46.533444,-61.382528,2021,,UDP0172_i7,UDP0172_i5,
WCB_F_37,,Western Cape Breton_Female,46.533444,-61.382528,2021,,UDP0173_i7,UDP0173_i5,
WCB_F_38,,Western Cape Breton_Female,46.533444,-61.382528,2021,,UDP0174_i7,UDP0174_i5,
WCB_F_39,,Western Cape Breton_Female,46.533444,-61.382528,2021,,UDP0175_i7,UDP0175_i5,
WCB_F_4,,Western Cape Breton_Female,46.533444,-61.382528,2021,,UDP0140_i7,UDP0140_i5,
WCB_F_40,,Western Cape Breton_Female,46.533444,-61.382528,2021,,UDP0176_i7,UDP0176_i5,
WCB_F_41,,Western Cape Breton_Female,46.533444,-61.382528,2021,,UDP0177_i7,UDP0177_i5,
WCB_F_42,,Western Cape Breton_Female,46.533444,-61.382528,2021,,UDP0178_i7,UDP0178_i5,
WCB_F_43,,Western Cape Breton_Female,46.533444,-61.382528,2021,,UDP0179_i7,UDP0179_i5,
WCB_F_44,,Western Cape Breton_Female,46.533444,-61.382528,2021,,UDP0180_i7,UDP0180_i5,
WCB_F_45,,Western Cape Breton_Female,46.533444,-61.382528,2021,,UDP0181_i7,UDP0181_i5,
WCB_F_46,,Western Cape Breton_Female,46.533444,-61.382528,2021,,UDP0182_i7,UDP0182_i5,
WCB_F_47,,Western Cape Breton_Female,46.533444,-61.382528,2021,,UDP0183_i7,UDP0183_i5,
WCB_F_48,,Western Cape Breton_Female,46.533444,-61.382528,2021,,UDP0184_i7,UDP0184_i5,
WCB_F_49,,Western Cape Breton_Female,46.533444,-61.382528,2021,,UDP0185_i7,UDP0185_i5,
WCB_F_5,,Western Cape Breton_Female,46.533444,-61.382528,2021,,UDP0141_i7,UDP0141_i5,
WCB_F_50,,Western Cape Breton_Female,46.533444,-61.382528,2021,,UDP0186_i7,UDP0186_i5,
WCB_F_51,,Western Cape Breton_Female,46.533444,-61.382528,2021,,UDP0187_i7,UDP0187_i5,
WCB_F_52,,Western Cape Breton_Female,46.533444,-61.382528,2021,,UDP0188_i7,UDP0188_i5,
WCB_F_53,,Western Cape Breton_Female,46.533444,-61.382528,2021,,UDP0189_i7,UDP0189_i5,
WCB_F_54,,Western Cape Breton_Female,46.533444,-61.382528,2021,,UDP0190_i7,UDP0190_i5,
WCB_F_55,,Western Cape Breton_Female,46.533444,-61.382528,2021,,UDP0191_i7,UDP0191_i5,
WCB_F_56,,Western Cape Breton_Female,46.53343333,-61.38253333,2021,Snow Crab_extra samples (2021),UDP0087_i7,UDP0087_i5,
WCB_F_57,,Western Cape Breton_Female,46.53343333,-61.38253333,2021,Snow Crab_extra samples (2021),UDP0002_i7,UDP0002_i5,
WCB_F_58,,Western Cape Breton_Female,46.53343333,-61.38253333,2021,Snow Crab_extra samples (2021),UDP0003_i7,UDP0003_i5,
WCB_F_59,,Western Cape Breton_Female,46.53343333,-61.38253333,2021,Snow Crab_extra samples (2021),UDP0004_i7,UDP0004_i5,
WCB_F_6,,Western Cape Breton_Female,46.533444,-61.382528,2021,,UDP0142_i7,UDP0142_i5,
WCB_F_60,,Western Cape Breton_Female,46.53343333,-61.38253333,2021,Snow Crab_extra samples (2021),UDP0005_i7,UDP0005_i5,
WCB_F_61,,Western Cape Breton_Female,46.53343333,-61.38253333,2021,Snow Crab_extra samples (2021),UDP0006_i7,UDP0006_i5,
WCB_F_62,,Western Cape Breton_Female,46.53343333,-61.38253333,2021,Snow Crab_extra samples (2021),UDP0007_i7,UDP0007_i5,
WCB_F_63,,Western Cape Breton_Female,46.53343333,-61.38253333,2021,Snow Crab_extra samples (2021),UDP0008_i7,UDP0008_i5,
WCB_F_64,,Western Cape Breton_Female,46.533444,-61.382528,2021,,UDP0088_i7,UDP0088_i5,
WCB_F_65,,Western Cape Breton_Female,46.533444,-61.382528,2021,,UDP0010_i7,UDP0010_i5,
WCB_F_66,,Western Cape Breton_Female,46.533444,-61.382528,2021,,UDP0011_i7,UDP0011_i5,
WCB_F_67,,Western Cape Breton_Female,46.533444,-61.382528,2021,,UDP0012_i7,UDP0012_i5,
WCB_F_68,,Western Cape Breton_Female,46.533444,-61.382528,2021,,UDP0013_i7,UDP0013_i5,
WCB_F_69,,Western Cape Breton_Female,46.533444,-61.382528,2021,,UDP0014_i7,UDP0014_i5,
WCB_F_7,,Western Cape Breton_Female,46.533444,-61.382528,2021,,UDP0143_i7,UDP0143_i5,
WCB_F_70,,Western Cape Breton_Female,46.533444,-61.382528,2021,,UDP0015_i7,UDP0015_i5,
WCB_F_8,,Western Cape Breton_Female,46.533444,-61.382528,2021,,UDP0144_i7,UDP0144_i5,
WCB_F_9,,Western Cape Breton_Female,46.533444,-61.382528,2021,,UDP0145_i7,UDP0145_i5,
WCB_M_1,,Western Cape Breton_Male,46.799528,-61.371278,2021,,UDP0097_i7,UDP0097_i5,
WCB_M_10,,Western Cape Breton_Male,46.799528,-61.371278,2021,,UDP0106_i7,UDP0106_i5,
WCB_M_11,,Western Cape Breton_Male,46.799528,-61.371278,2021,,UDP0107_i7,UDP0107_i5,
WCB_M_12,,Western Cape Breton_Male,46.799528,-61.371278,2021,,UDP0108_i7,UDP0108_i5,
WCB_M_13,,Western Cape Breton_Male,46.799528,-61.371278,2021,,UDP0109_i7,UDP0109_i5,
WCB_M_14,,Western Cape Breton_Male,46.799528,-61.371278,2021,,UDP0110_i7,UDP0110_i5,
WCB_M_15,,Western Cape Breton_Male,46.799528,-61.371278,2021,,UDP0111_i7,UDP0111_i5,
WCB_M_16,,Western Cape Breton_Male,46.799528,-61.371278,2021,,UDP0112_i7,UDP0112_i5,
WCB_M_17,,Western Cape Breton_Male,46.799528,-61.371278,2021,,UDP0113_i7,UDP0113_i5,
WCB_M_18,,Western Cape Breton_Male,46.799528,-61.371278,2021,,UDP0114_i7,UDP0114_i5,
WCB_M_19,,Western Cape Breton_Male,46.799528,-61.371278,2021,,UDP0115_i7,UDP0115_i5,
WCB_M_2,,Western Cape Breton_Male,46.799528,-61.371278,2021,,UDP0098_i7,UDP0098_i5,
WCB_M_20,,Western Cape Breton_Male,46.799528,-61.371278,2021,,UDP0116_i7,UDP0116_i5,
WCB_M_21,,Western Cape Breton_Male,46.799528,-61.371278,2021,,UDP0117_i7,UDP0117_i5,
WCB_M_22,,Western Cape Breton_Male,46.799528,-61.371278,2021,,UDP0118_i7,UDP0118_i5,
WCB_M_23,,Western Cape Breton_Male,46.799528,-61.371278,2021,,UDP0119_i7,UDP0119_i5,
WCB_M_24,,Western Cape Breton_Male,46.799528,-61.371278,2021,,UDP0120_i7,UDP0120_i5,
WCB_M_25,,Western Cape Breton_Male,46.799528,-61.371278,2021,,UDP0121_i7,UDP0121_i5,
WCB_M_26,,Western Cape Breton_Male,46.799528,-61.371278,2021,,UDP0122_i7,UDP0122_i5,
WCB_M_27,,Western Cape Breton_Male,46.799528,-61.371278,2021,,UDP0123_i7,UDP0123_i5,
WCB_M_28,,Western Cape Breton_Male,46.799528,-61.371278,2021,,UDP0124_i7,UDP0124_i5,
WCB_M_29,,Western Cape Breton_Male,46.799528,-61.371278,2021,,UDP0125_i7,UDP0125_i5,
WCB_M_3,,Western Cape Breton_Male,46.799528,-61.371278,2021,,UDP0099_i7,UDP0099_i5,
WCB_M_30,,Western Cape Breton_Male,46.799528,-61.371278,2021,,UDP0126_i7,UDP0126_i5,
WCB_M_31,,Western Cape Breton_Male,46.799528,-61.371278,2021,,UDP0127_i7,UDP0127_i5,
WCB_M_32,,Western Cape Breton_Male,46.799528,-61.371278,2021,,UDP0128_i7,UDP0128_i5,
WCB_M_33,,Western Cape Breton_Male,46.799528,-61.371278,2021,,UDP0129_i7,UDP0129_i5,
WCB_M_34,,Western Cape Breton_Male,46.799528,-61.371278,2021,,UDP0130_i7,UDP0130_i5,
WCB_M_35,,Western Cape Breton_Male,46.799528,-61.371278,2021,,UDP0131_i7,UDP0131_i5,
WCB_M_36,,Western Cape Breton_Male,46.799528,-61.371278,2021,,UDP0132_i7,UDP0132_i5,
WCB_M_37,,Western Cape Breton_Male,46.799528,-61.371278,2021,,UDP0133_i7,UDP0133_i5,
WCB_M_38,,Western Cape Breton_Male,46.799528,-61.371278,2021,,UDP0134_i7,UDP0134_i5,
WCB_M_39,,Western Cape Breton_Male,46.799528,-61.371278,2021,,UDP0135_i7,UDP0135_i5,
WCB_M_4,,Western Cape Breton_Male,46.799528,-61.371278,2021,,UDP0100_i7,UDP0100_i5,
WCB_M_40,,Western Cape Breton_Male,46.799528,-61.371278,2021,,UDP0136_i7,UDP0136_i5,
WCB_M_41,,Western Cape Breton_Male,46.799528,-61.371278,2021,,UDP0137_i7,UDP0137_i5,
WCB_M_42,,Western Cape Breton_Male,46.799528,-61.371278,2021,,UDP0138_i7,UDP0138_i5,
WCB_M_43,,Western Cape Breton_Male,46.799528,-61.371278,2021,,UDP0139_i7,UDP0139_i5,
WCB_M_44,,Western Cape Breton_Male,46.799528,-61.371278,2021,,UDP0140_i7,UDP0140_i5,
WCB_M_45,,Western Cape Breton_Male,46.799528,-61.371278,2021,,UDP0141_i7,UDP0141_i5,
WCB_M_46,,Western Cape Breton_Male,46.799528,-61.371278,2021,,UDP0142_i7,UDP0142_i5,
WCB_M_47,,Western Cape Breton_Male,46.799528,-61.371278,2021,,UDP0143_i7,UDP0143_i5,
WCB_M_48,,Western Cape Breton_Male,46.799528,-61.371278,2021,,UDP0144_i7,UDP0144_i5,
WCB_M_49,,Western Cape Breton_Male,46.799528,-61.371278,2021,,UDP0145_i7,UDP0145_i5,
WCB_M_5,,Western Cape Breton_Male,46.799528,-61.371278,2021,,UDP0101_i7,UDP0101_i5,
WCB_M_50,,Western Cape Breton_Male,46.799528,-61.371278,2021,,UDP0146_i7,UDP0146_i5,
WCB_M_51,,Western Cape Breton_Male,46.799528,-61.371278,2021,,UDP0147_i7,UDP0147_i5,
WCB_M_52,,Western Cape Breton_Male,46.799528,-61.371278,2021,,UDP0148_i7,UDP0148_i5,
WCB_M_53,,Western Cape Breton_Male,46.799528,-61.371278,2021,,UDP0149_i7,UDP0149_i5,
WCB_M_54,,Western Cape Breton_Male,46.799528,-61.371278,2021,,UDP0150_i7,UDP0150_i5,
WCB_M_55,,Western Cape Breton_Male,46.799528,-61.371278,2021,,UDP0151_i7,UDP0151_i5,
WCB_M_56,,Western Cape Breton_Male,46.799528,-61.371278,2021,,UDP0152_i7,UDP0152_i5,
WCB_M_57,,Western Cape Breton_Male,46.799528,-61.371278,2021,,UDP0153_i7,UDP0153_i5,
WCB_M_58,,Western Cape Breton_Male,46.799528,-61.371278,2021,,UDP0154_i7,UDP0154_i5,
WCB_M_59,,Western Cape Breton_Male,46.799528,-61.371278,2021,,UDP0155_i7,UDP0155_i5,
WCB_M_6,,Western Cape Breton_Male,46.799528,-61.371278,2021,,UDP0102_i7,UDP0102_i5,
WCB_M_60,,Western Cape Breton_Male,46.799528,-61.371278,2021,,UDP0156_i7,UDP0156_i5,
WCB_M_61,,Western Cape Breton_Male,46.799528,-61.371278,2021,,UDP0157_i7,UDP0157_i5,
WCB_M_62,,Western Cape Breton_Male,46.799528,-61.371278,2021,,UDP0158_i7,UDP0158_i5,
WCB_M_63,,Western Cape Breton_Male,46.799528,-61.371278,2021,,UDP0159_i7,UDP0159_i5,
WCB_M_64,,Western Cape Breton_Male,46.799528,-61.371278,2021,,UDP0160_i7,UDP0160_i5,
WCB_M_65,,Western Cape Breton_Male,46.799528,-61.371278,2021,,UDP0161_i7,UDP0161_i5,
WCB_M_66,,Western Cape Breton_Male,46.799528,-61.371278,2021,,UDP0162_i7,UDP0162_i5,
WCB_M_67,,Western Cape Breton_Male,46.799528,-61.371278,2021,,UDP0163_i7,UDP0163_i5,
WCB_M_68,,Western Cape Breton_Male,46.799528,-61.371278,2021,,UDP0164_i7,UDP0164_i5,
WCB_M_69,,Western Cape Breton_Male,46.799528,-61.371278,2021,,UDP0165_i7,UDP0165_i5,
WCB_M_7,,Western Cape Breton_Male,46.799528,-61.371278,2021,,UDP0103_i7,UDP0103_i5,
WCB_M_70,,Western Cape Breton_Male,46.799528,-61.371278,2021,,UDP0166_i7,UDP0166_i5,
WCB_M_8,,Western Cape Breton_Male,46.799528,-61.371278,2021,,UDP0104_i7,UDP0104_i5,
WCB_M_9,,Western Cape Breton_Male,46.799528,-61.371278,2021,,UDP0105_i7,UDP0105_i5,
